rank,Video,Video views,Likes,Dislikes,Category,published
1,"20 Tennis shots if they were not filmed, NOBODY would believe them",3471237.0,19023.0,859,Sin Categor√≠a,2017
2,Lil Nas X - Old Town Road (Official Movie) ft. Billy Ray Cyrus,54071677.0,3497955.0,"78,799",Music,2019
3,JoJo Siwa - Karma (Official Video),34206747.0,293563.0,0,Music,2024
4,Wiz Khalifa - See You Again ft. Charlie Puth [Official Video] Furious 7 Soundtrack,6643904918.0,44861602.0,0,Music,2015
5,‰ºäË≥Ä„ÅÆÂ§©ÁÑ∂Ê∞¥Âº∑ÁÇ≠ÈÖ∏Ê∞¥„ÄåÂÆ∂Êóè„Åß„ÄÅ„Ç∑„É•„ÉØ„Ç∑„Çß„Ç¢„ÄÇ„ÄçÁØá„ÄÄ15Áßí,236085971.0,38.0,0,Sin Categor√≠a,2021
6,JP Saxe - If the World Was Ending (Official Video) ft. Julia Michaels,76834495.0,804353.0,"21,195",Music,2019
7,David Kushner - Daylight (Official Music Video),18558390.0,680732.0,0,Music,2023
8,Power Star Pawan Kalyan Special Surprise To Sensational Singer Baby|Filmy Poster,96686.0,1007.0,82,Entertainment,2018
9,Kulit Kamu Kulit Kering dan Sensitif? Pakai Aveeno Skin Relief Lotion!,9605969.0,6.0,0,Sin Categor√≠a,2023
10,Totti with a funny penalty,8353318.0,5613.0,"1,082",Sports,2007
11,Babilala ‡∏ó‡∏µ‡πà‡∏ó‡∏±‡πâ‡∏á‡πÅ‡∏°‡πà‡πÅ‡∏•‡∏∞‡∏•‡∏π‡∏Å‡∏ä‡∏∑‡πà‡∏ô‡∏ä‡∏≠‡∏ö‡∏ô‡∏±‡πâ‡∏ô‡∏Ñ‡∏∑‡∏≠‡∏≠‡∏∞‡πÑ‡∏£?,8718326.0,46.0,0,Sin Categor√≠a,2021
12,"Polo G, Stunna 4 Vegas & NLE Choppa feat. Mike WiLL Made-It - Go Stupid (Official Video)",7396199.0,320910.0,"6,485",Music,2020
13,Every Moment With You (ÎÑàÏôÄÏùò Î™®Îì† ÏßÄÍ∏à),7958181.0,54903.0,0,Music,2024
14,Not a mechanical baby,14612153.0,3339.0,156,Entertainment,2011
15,"Yovie Widianto, Lyodra, Tiara Andini, Ziva Magnolya - Menyesal",13894905.0,452087.0,0,Music,2023
16,pevecov popek poje na sexy back,37460296.0,4533.0,"10,949",Comedy,2007
17,"Luck Ra, Nicki Nicole - DOCTOR",8286096.0,149421.0,0,Music,2024
18,Jay Wheeler - Te La Dedico / For You (Official Video),13764098.0,111497.0,0,Music,2023
19,"Colapesce, Dimartino - Musica leggerissima (Official Video - Sanremo 2021)",6953838.0,116350.0,"2,059",Music,2021
20,Grandma Dottie's Prom Dress Surprise,8414676.0,2442.0,103,People & Blogs,2012
21,Rels B - LA LATINA (Videoclip Oficial),5851411.0,155543.0,"3,504",Music,2019
22,Together We Can Make a Difference,10627797.0,21.0,6,Sin Categor√≠a,2019
23,Get back on your feet with our top rated lawyers,98468536.0,5492.0,0,Sin Categor√≠a,2022
24,Jim Carrey THE FUNNIEST video,8322488.0,6216.0,"11,521",Comedy,2007
25,TEST Œ≥ŒπŒ±ŒΩŒ± Œ¥ŒµŒπœÇ Œ±ŒΩ Œ≠œáŒµŒπœÇ Œ∫Œ±ŒªŒ¨ ŒºŒ±œÑŒπŒ¨,699382.0,8436.0,"1,756",People & Blogs,2017
26,„ÄêÊÄ•Âãü„Äë‰∏≠ÈÄîÊé°Áî®„Ç®„É≥„Éà„É™„ÉºÂãüÈõÜ‰∏≠„ÄÄ„Éì„Ç∏„Éß„É≥„Éª„Ç≥„É≥„Çµ„É´„ÉÜ„Ç£„É≥„Ç∞,11638201.0,98.0,0,Sin Categor√≠a,2022
27,"Kevin AMF, Tiagz - Maradona (Tatara) (Video Oficial)",5756535.0,111266.0,0,Music,2024
28,MILLION DOLLAR BABY,11894076.0,226375.0,0,Music,2024
29,03 - 03 - 2015 AimBot,5923017.0,62.0,307,Gaming,2015
30,"6ix9ine - FEFE ft. Nicki Minaj, Murda Beatz",1097393695.0,9038575.0,0,People & Blogs,2018
31,Cat mom hugs baby kitten,59857489.0,347772.0,"8,212",Pets & Animals,2011
32,"Biggest Snake of the World for Sale, 25 000 ‚Ç¨",55113253.0,3957.0,"46,705",Entertainment,2008
33,IdentityIQ Best-Rated Credit Report Monitoring,16676560.0,29.0,0,Sin Categor√≠a,2022
34,kwn - worst behaviour (Official Video) ft. Kehlani,4386564.0,159903.0,0,Music,2025
35,Polo G - Flex (Official Audio) ft. Juice WRLD,3845186.0,122706.0,"1,305",Music,2020
36,Hanumankind - Run It Up ( Prod. By Kalmi ) | (Official Music Video),28181241.0,1772692.0,0,Music,2025
37,basic instinct,6484622.0,1102.0,271,Entertainment,2006
38,CUPRA Leon e-HYBRID,3873121.0,4.0,0,Sin Categor√≠a,2021
39,The JAWS OF DEATH AROUND ME my story,15694317.0,2156.0,"16,530",Pets & Animals,2007
40,Remember Me (Í∏∞ÏñµÌï¥Ï§òÏöî ÎÇ¥ Î™®Îì† ÎÇ†Í≥º Í∑∏ÎïåÎ•º),5272487.0,20088.0,0,Music,2024
41,"Pedro Cap√≥, Farruko - Calma (Remix - Official Video)",2993030499.0,13840531.0,0,Music,2018
42,Dog meets baby kitten,5856946.0,2705.0,83,People & Blogs,2014
43,KINEGRAM - Making identity documents secure,12643841.0,14.0,0,Sin Categor√≠a,2022
44,JD Pantoja - 12‚Ä¢19 (Official Video),7010732.0,1027392.0,"34,185",Music,2020
45,Suzuki Hayabusa with Turbo Vmax 390kmh,20146924.0,11010.0,"1,095",Autos & Vehicles,2006
46,Libianca - People (Visualiser) ft. Becky G,5353676.0,113198.0,0,Music,2023
47,Roger Federer / Bill Gates vs John Isner / Mike McCready - Match for Africa 4 Highlights,514694.0,2742.0,69,Sports,2017
48,Encuentra POP Queso Cheddar.,21786732.0,7102.0,0,Sin Categor√≠a,2023
49,Rhapsody of Sadness,3409906.0,18968.0,0,Music,2023
50,Aydem Enerji - Hayat i√ßin enerji,3102751.0,8.0,0,Sin Categor√≠a,2020
51,Starcraft 2 Gameplay footage and unit preview,7529927.0,6075.0,772,Entertainment,2007
52,Maradonna Gods Hand,3777997.0,2300.0,854,Sports,2007
53,"Smartpress - Premium Print for Designers, Agencies and Brands",2985300.0,1.0,0,Sin Categor√≠a,2020
54,Jay Wheeler - Xexo (Official Video),5038848.0,93112.0,0,Music,2023
55,"GabyMusic,AnuelAA,LuarLa,Lunay,Bryant Myers - No Te Quieren Conmigo(Remix)",5461432.0,159823.0,0,Music,2024
56,"Sir Nicholas Winton - BBC Programme ""That's Life"" aired in 1988",39407674.0,97009.0,747,Education,2009
57,Why athletes should wear pants,17802747.0,2935.0,"46,151",Sports,2008
58,Kurdish KANGAL vs.American Pitbull Terrier Dog Fight 2008,8066421.0,1267.0,"5,689",Pets & Animals,2008
59,"Acompa√±a a Carlos Andres Acosta, mientras nos muestra la nueva Kia Sportage 2023",8690900.0,10.0,0,Sin Categor√≠a,2022
60,–ï—Å–ª–∏ –º–µ–Ω—Ç....,10748286.0,7504.0,"4,116",Music,2010
61,Wedding first dance w/ surprise Jack Johnson Michael Jackson,16485606.0,15813.0,"1,360",Comedy,2007
62,Polo G - Be Something (Official Audio) ft. Lil Baby,2692740.0,99982.0,"2,393",Music,2020
63,Bureau Vall√©e - papeterie et Fournitures de bureau,21596623.0,7.0,3,Film & Animation,2019
64,Static & Ben El - Bella,3305681.0,10461.0,626,Music,2021
65,Police take advantage of a Drunk Girl,36311875.0,24016.0,"4,340",News & Politics,2008
66,Big nipples,13591249.0,1951.0,"1,628",Comedy,2006
67,2020Êñ∞ÁîüÊ¥ªCP„ÄåÂßã„Åæ„Çä„ÅÆÊó•„Äç15Áßí,9857163.0,13.0,0,Sin Categor√≠a,2020
68,–í–∫–ª–∞–¥—á–∏–∫–∞–º –Æ–≥—Ä—ã –≤ –¶–µ–Ω—Ç—Ä–æ–±–∞–Ω–∫–µ –Ω–µ —Ä–∞–¥—ã,204782.0,5352.0,63,News & Politics,2017
69,Sporto by Macho | The First Gaze,52049705.0,1307.0,0,Sin Categor√≠a,2021
70,PUN - DAY ONE,4669546.0,95387.0,0,Music,2024
71,7 dia,2943159.0,33263.0,0,Music,2025
72,We asked you... What do you Chooze ?,1018713.0,2413.0,12,Autos & Vehicles,2017
73,Best Heavyweight Knockouts of All Time,5250458.0,5891.0,509,Sports,2007
74,Dog reacts to return of Nathan after two year Mormon mission,6040429.0,5972.0,194,Pets & Animals,2015
75,Orangutan loves baby bump,5989058.0,4282.0,282,Music,2016
76,Dog scared by fart,5938416.0,3883.0,129,Comedy,2015
77,–ù–ï –ü–û–í–ï–ó–õ–û - UNLUCKY,14921437.0,3604.0,"1,225",Comedy,2009
78,"Visitenkarten, Flyer oder Banner schon ab unter 10‚Ç¨.",4929481.0,3.0,2,People & Blogs,2017
79,we were in love (2024) (... ÏÇ¨ÎûëÌñàÏûñÏïÑ... (2024)),3630534.0,22217.0,0,Music,2024
80,David Beckham crazy pass (cross),17275250.0,32362.0,752,Sports,2008
81,LAVIE LOVE LIST | 2019,10188590.0,9.0,0,Howto & Style,2019
82,Tra Tra Tra,2663550.0,734.0,212,Comedy,2007
83,The ultimate seduction: Funny & bizarre slideshow,81744457.0,0.0,0,Comedy,2008
84,Girl In Car Flashes Her Bra & Then Crashes Into A Truck!,9884005.0,7891.0,"2,334",People & Blogs,2009
85,Girl blown by a plane,12255456.0,7725.0,745,Travel & Events,2012
86,La nevedere,2960493.0,22343.0,0,Music,2022
87,Why Lands' End Business,8393245.0,2.0,0,Sin Categor√≠a,2021
88,KATSEYE - Touch (ft. YEONJUN of TOMORROW X TOGETHER),2279833.0,168798.0,0,Music,2024
89,Lucio Corsi - Volevo essere un duro (Sanremo 2025),6016657.0,137088.0,0,Music,2025
90,Storm (Storm),2113438.0,12274.0,0,Music,2025
91,Barack Obama Hillary Clinton - Umbrella,148996976.0,36190.0,"20,698",Comedy,2008
92,Nice Fight - Cops vs Drug Dealer,17166129.0,12980.0,"3,713",Entertainment,2008
93,Uƒüur Volkan Uysal | Wix.com ile Kendi Sitenizi Kurun,6587447.0,32.0,101,People & Blogs,2018
94,"[ÌîåÎ°úÏö∞] #Ïò§ÏùºÏàòÏä§ÌÇ® #Ïà®Î∞©Ïö∏Ïä§ÌÇ®  15""",6354771.0,44.0,38,Sin Categor√≠a,2018
95,Olivia Rodrigo - drivers license (Official Video),68224979.0,3810456.0,"48,539",Music,2021
96,ALYPH - SWIPE (ft. Dato Seri Vida) Official Music Video,4645815.0,93750.0,0,Music,2022
97,Unleash Your Urban Style,4485529.0,2.0,0,Sin Categor√≠a,2023
98,Meineke Financing- 15 Second Commercial,32387918.0,4071.0,0,Sin Categor√≠a,2020
99,"Asake, Central Cee - Wave (Official Video)",10779032.0,287616.0,0,Music,2024
100,JoJo Siwa - Guilty Pleasure (Official Music Video),3870451.0,39264.0,0,Music,2024
101,Chica Atractiva,2638356.0,33875.0,0,Music,2025
102,[Dandadan] Creepy Nuts - „Ç™„Éà„Éé„Ç±(Otonoke)¬†(Official Music Video),13933735.0,441696.0,0,Music,2024
103,Jedna fotografija dnevno u najgoroj godini ≈æivota / One photo a day in the worst year of my life,61892792.0,32649.0,"4,045",People & Blogs,2013
104,"Grilling Tip, How to Make a Non Stick Surface Part 1",4702870.0,786.0,51,Howto & Style,2014
105,Brock Lesnar serves breakfast in ESPN cafeteria prank | ESPN Archives,2472045.0,28842.0,"1,204",Sports,2017
106,Top 20. Soundtracks Of All Times!,3590248.0,2836.0,"2,542",Music,2007
107,Kobe dunks over Shaq in practice (funny),12649333.0,4492.0,"1,247",Sports,2006
108,–¢–∞–Ω–∫ –ê—Ä–º–∞—Ç–∞,3954302.0,4636.0,"1,033",Sin Categor√≠a,2015
109,CRASH-405,2714140.0,376.0,"1,665",Comedy,2006
110,"Paragard¬Æ - 'Your Hormones, Not Ours'",24340652.0,0.0,0,Sin Categor√≠a,2022
111,All aisles lead to savings. Every day!,22029100.0,5.0,0,Sin Categor√≠a,2023
112,Massimo Pericolo - Moneylove (Visual Video) ft. Emis Killa,3824053.0,36936.0,0,Music,2023
113,Kodak Black - Hit Stick,2032486.0,87384.0,0,Music,2024
114,German Shepherd scared of Stuffed Toy Tiger. Very Funny! (ORIGINAL VIDEO & VERSION)),5352751.0,6997.0,171,People & Blogs,2015
115,Tenacious D - Explosivo,2754518.0,10186.0,204,Entertainment,2006
116,Aydem Enerji - Hayat i√ßin enerji,2003221.0,5.0,1,Sin Categor√≠a,2020
117,HSMFanNisa Exclusive:High School Musical 2 Song(s)With Lyric,7352624.0,2538.0,256,Music,2007
118,Fo fo fo fo fristajlo!,2894700.0,6108.0,152,Comedy,2007
119,LILHUDDY - America's Sweetheart (Official Music Video),3086667.0,346074.0,"12,082",Music,2021
120,Sofia Castro - Bien Por Ti (Official Video),3416695.0,204468.0,0,Music,2022
121,Sensodent-K | Most random bahana to avoid cold drink | Tooth Mein Current,4385102.0,52.0,0,Sin Categor√≠a,2023
122,Sunway College - Pathway To A Brighter Future,3829095.0,0.0,0,Sin Categor√≠a,2019
123,"Eladio Carri√≥n - Quiz√°s, Tal Vez (Live Session) | Vevo ctrl",4196300.0,56077.0,0,Music,2023
124,Eden Mu√±oz - ¬øC√ìMO TE FUE SIN M√ç?,1847580.0,32324.0,0,Music,2024
125,Emeron Lovely Naturals Sakura,16040649.0,41.0,0,Sin Categor√≠a,2020
126,"ROSAL√çA, J Balvin - Con Altura (Official Video) ft. El Guincho",2224022798.0,9802981.0,0,Music,2019
127,How NOT to Load a New Ford F-350 Truck on a Trailer,3415700.0,942.0,303,People & Blogs,2015
128,baby playing in mother's womb !!!!!,5806522.0,2810.0,101,Entertainment,2010
129,Cats Welcoming Home Soldiers (parody video),2126930.0,1984.0,259,Comedy,2014
130,Hello Osko by BPAY :: 15,3763894.0,0.0,0,Sin Categor√≠a,2018
131,Coconut crab attacks bird,2691332.0,785.0,225,People & Blogs,2017
132,Gta sa Kamehameha,2420719.0,0.0,0,Entertainment,2008
133,Swimming,25671563.0,2240.0,"2,419",People & Blogs,2007
134,Ice Spice - in ha mood (Official Video),3725161.0,160883.0,0,Music,2023
135,‚ÄûSo wie wir Wontis es auch tun.‚Äú - Laura & J√∂rg Wontorra rufen zum Licht-Recycling auf.üí°‚ôªÔ∏è,2596725.0,1.0,0,Sin Categor√≠a,2023
136,"Jay Wheeler, Dei V, Hades66 - Pacto (Official Video) ft. Luar La L",20502045.0,180683.0,0,Music,2023
137,How to fix a small dent,23778413.0,5399.0,419,Education,2010
138,–•–æ–∫–∫–µ–π –≤ —Ñ—É—Ä–µ - –≤—ã–∑–æ–≤ –ø—Ä–∏–Ω—è—Ç!,1556347.0,2726.0,"1,433",Sports,2017
139,44 Magnum Las Vegas,2345415.0,7883.0,259,People & Blogs,2010
140,Miss Carolina - se le salio!,37787055.0,3476.0,"10,810",Comedy,2009
141,Two guys cause trouble on Ryanair,2451202.0,697.0,441,People & Blogs,2016
142,Hot Bikini Waxing Girls!,1888388.0,398.0,106,People & Blogs,2006
143,Bucket Bear better quality,4399693.0,2977.0,117,Pets & Animals,2014
144,c`e solo l inter... a farci ridere,2136208.0,3379.0,"1,966",Sports,2007
145,Remember the 80's ?,3293594.0,1481.0,89,Comedy,2006
146,Œ§Œø œÄŒøŒπŒø Œ±œÄŒØœÉœÑŒµœÖœÑŒø Œ≤ŒØŒΩœÑŒµŒø œÄŒøœÖ Œ≠œáŒµœÑŒµ Œ¥ŒµŒπ œÄŒøœÑŒ≠!!! The most INCREDIBLE VIDEO EVER !!! WWW.BYTHEWAY.GR,3360262.0,2084.0,"3,489",Sports,2008
147,Funny Foul Shot Blooper,2540079.0,3507.0,93,Sports,2011
148,video 1450041175 mp4,2368587.0,732.0,90,People & Blogs,2015
149,ÎÑàÎùºÎäî Î≥Ñ,4406467.0,18295.0,0,Music,2024
150,Sunway College - Pathway To A Brighter Future #2,3391881.0,16.0,0,Sin Categor√≠a,2019
151,Kim Petras & Nicki Minaj - Alone (Official Music Video),12935167.0,279649.0,0,Music,2023
152,Work Hard. Stay Humble. Wear Dixxon.,50822036.0,101.0,0,Sin Categor√≠a,2022
153,High School Musical 3 - Can I Have This Dance *OFFICIAL MUSIC VIDEO w/lyrics (HQ),25576382.0,23880.0,"1,691",Music,2008
154,Elephant Auto Insurance-  Multi Car U.S. Discount,6189110.0,9.0,11,Sin Categor√≠a,2018
155,Zebra Drowning a Lion,30475518.0,19766.0,"2,398",Autos & Vehicles,2009
156,Garth Brooks - The Dance - Kick Cancer's ASS!,3751723.0,2513.0,90,Entertainment,2014
157,WyzywajƒÖca Doda,2195081.0,712.0,507,Entertainment,2006
158,–ö—Ä–µ–¥–∏—Ç –Ω–∞–ª–∏—á–Ω—ã–º–∏ 15 sec,21492932.0,16.0,96,News & Politics,2017
159,We Treat Minor and Major Medical Issues,13257401.0,27.0,15,Sin Categor√≠a,2019
160,Smartest Police Dog Ever!,3818260.0,2410.0,29,People & Blogs,2009
161,MIXPIX -- Mi-Arte.es,1699588.0,2.0,1,Sin Categor√≠a,2019
162,Der neue CUPRA Ateca ‚Äì Create your own Path,2866109.0,0.0,0,Sin Categor√≠a,2019
163,Grandma falls into crib,5198725.0,3233.0,640,People & Blogs,2016
164,"""Drake"" on the Tube...",2683856.0,7414.0,457,Comedy,2012
165,Tundra vs Silverado,2600480.0,738.0,672,Autos & Vehicles,2007
166,Capitoline venus,2181160.0,63.0,119,Travel & Events,2007
167,Cat and Dog (a love story),2194640.0,1626.0,276,Pets & Animals,2007
168,Bl√ºmchen (Blossom) - Herz an Herz,2257460.0,3800.0,199,Music,2006
169,"Ghetto Kids, Kenia OS, Malo - Toketeo (Video Oficial)",1677733.0,211037.0,"7,579",Music,2021
170,"FabLab Glitter Tattoos, Hairlights and Nail Art kits! Be Creative, Be You, Be FabLab! ‚ú®",10500073.0,23.0,0,Sin Categor√≠a,2021
171,Ricchi E Poveri - Ma non tutta la vita (Official Video) | Sanremo 2024,6849596.0,59198.0,0,Music,2024
172,"Alex Ponce, BLANKO - La Sin Sentimientos (Official Video)",2443713.0,88475.0,0,Music,2024
173,"Olly, Juli - Balorda nostalgia (Official Video - Sanremo 2025)",27215183.0,161626.0,0,Music,2025
174,"ROA, De La Rose, Luar La L, Yan Block, Omar Courtz - ETA RMX",9140994.0,179818.0,0,Music,2024
175,Affet,1422342.0,4331.0,0,Music,2025
176,Bunny Girl,2126674.0,81236.0,0,Music,2024
177,perfekte welle,2337888.0,4430.0,174,Sin Categor√≠a,2005
178,Rooftop Driving Experience,1645377.0,14.0,3,Sin Categor√≠a,2019
179,Silent Monks Singing Halleluia,21061223.0,50817.0,"1,336",Comedy,2008
180,ABBA Dancing Queen 1976,20688870.0,22826.0,851,Music,2006
181,Horse attacks alligator! Payne's prairie 4/12/17,2173396.0,2235.0,200,People & Blogs,2017
182,two fake umps.MOV,1338441.0,3712.0,135,Sports,2010
183,Safe Sleep for Baby,3400850.0,181.0,156,Education,2011
184,westerland,5289591.0,8542.0,269,Sin Categor√≠a,2006
185,WTC in a perfect world,3476635.0,5982.0,"2,129",Film & Animation,2007
186,The megalodon-World's Biggest Shark,13893527.0,8744.0,"5,157",Entertainment,2007
187,Groom forgets rings prank,2760303.0,1730.0,212,Entertainment,2016
188,Natalie Jane - AVA (Lyric Video),1592225.0,59621.0,0,Music,2022
189,"Berani Lawan Harpic Mom? Pakai Harpic 10x Lebih Bersih, Segampang itu!",14399348.0,562.0,0,Sin Categor√≠a,2023
190,KUSUKA Keripik Singkong - Greatest Time,21865902.0,16.0,0,Sin Categor√≠a,2023
191,SweeTARTS | Be both | Wedding,83720474.0,114.0,0,Sin Categor√≠a,2021
192,ÿßÿÆÿ™Ÿéÿ± ÿµÿ≠. ÿ¥ŸàŸÅ ÿßŸÑŸÅÿ±ŸÇ ŸÖÿπ ÿ±Ÿäÿ¨ŸäŸÜ,7927774.0,1.0,0,Sin Categor√≠a,2023
193,"Si, Si Eres Tu",10363316.0,337066.0,0,Music,2023
194,7liwa - Rwicha (Official Music Video),1662974.0,45556.0,0,Music,2024
195,Teresa & Maria,11757639.0,160328.0,0,Music,2024
196,Á¥´¬†‰ªä¬†-¬†È≠îÊÄß„ÅÆÂ•≥A„ÄÄLyric¬†Video,1581463.0,61186.0,0,Music,2024
197,Barbie-Girl,22225399.0,10788.0,"3,217",Film & Animation,2006
198,ProtoType gameplay,3128367.0,4724.0,605,Entertainment,2008
199,Weird People and Animals,11474129.0,2458.0,"4,833",Comedy,2008
200,Lola and Annie - Road Trip Karaoke,7095244.0,4677.0,200,Comedy,2017
201,DIESEL LOUIE,1605558.0,1035.0,52,Autos & Vehicles,2007
202,4 year old little girl feeding and controlling six #pitbulls / Girl Controls Future Dog Trainer,6691213.0,3008.0,342,People & Blogs,2015
203,Big Fish - trailer,2126010.0,3046.0,119,Entertainment,2006
204,over 500 strokes per minute,2285448.0,1104.0,"5,442",Howto & Style,2007
205,Titanic - The Drawing Scene,1765315.0,444.0,"1,079",Comedy,2006
206,"morodo, la yerba del rey",5337381.0,5237.0,263,News & Politics,2007
207,Mulatto - No Hook (Official Video),2138136.0,123687.0,"1,793",Music,2020
208,Devils Fingers or Octopus Fungus Clathrus archeri December 2014,6705396.0,791.0,42,Autos & Vehicles,2014
209,"Gerald Daugherty Campaign: ""Please Re-Elect Gerald...Please!""",3923892.0,6783.0,103,People & Blogs,2016
210,Smart German Shepherd:  Twitch Letting Sophie Out of Her Kennel,9071139.0,6457.0,432,Pets & Animals,2012
211,Help your local hospital workers in the fight against COVID-19,1895774.0,0.0,0,Sin Categor√≠a,2020
212,Morray - Trenches (Official Music Video),1352140.0,58129.0,"1,051",Music,2021
213,Be√©le - Si Te Interesa (Official Video),1450005.0,94228.0,"1,067",Music,2021
214,NURO Biz„ÄåÂÆâÂÆöÊÄß„ÄçÁØá 15Áßí,6459787.0,4.0,0,Sin Categor√≠a,2022
215,CHAINSAW BLOOD / VaundyÔºöMUSIC VIDEO,5767744.0,98070.0,0,Music,2022
216,Your Wyndham Is Waiting :30,12559128.0,0.0,0,Sin Categor√≠a,2023
217,LINDOR Made to Melt You,72815244.0,108.0,0,Sin Categor√≠a,2021
218,"Yovie Widianto, Ziva Magnolya - Menanti (Official Music Video)",3264026.0,58596.0,0,Music,2023
219,‚ÄéGood Night Good Dream (Ï¢ãÏùÄ Î∞§ Ï¢ãÏùÄ Íøà),1776477.0,9118.0,0,Music,2024
220,Addison Rae - Aquamarine (Official Video),2641333.0,135303.0,0,Music,2024
221,Coraz√≥n Partido,1494141.0,17261.0,0,Music,2025
222,supercars accidents !!!!!!!,2021817.0,694.0,230,Autos & Vehicles,2007
223,Bie≈ºnie inSPORTline - Na ka≈ºdƒÖ pogodƒô!,16093134.0,30.0,27,People & Blogs,2017
224,Aitch - Safe To Say,1330363.0,84759.0,"1,749",Music,2020
225,ShemarooMe - BOLLYWOOD | GUJARATI | DEVOTION | PUNJABI | KIDS,1226138.0,1.0,0,People & Blogs,2019
226,BREAK IT OFF ‚ñ∫ SEAN PAUL & RIHANNA,35610827.0,0.0,0,Travel & Events,2007
227,If you watch this 100 times you'll still laugh !,45597951.0,97649.0,"27,835",Comedy,2008
228,"Korea, the best dancer ever!!!",24082631.0,36946.0,"13,769",Entertainment,2007
229,End Of Watch Trailer,3212936.0,1083.0,76,Film & Animation,2012
230,Rally driver's killer reflexes,7261710.0,15509.0,685,Sports,2011
231,Crazy Turtle,12093713.0,6766.0,"1,337",Entertainment,2007
232,"Top Ten most Awesome Boat , Crashes, Collisions, Sinkings and Amazings Sights at Sea",3062448.0,1642.0,273,Education,2009
233,„ÉÜ„É¨„ÉìCM „Äå„Åè„Çâ„Åó„Çí„Ç∑„Ç¢„ÉØ„Çª„Å´„Åô„Çã„ÄÅ„Åú„Çì„Å∂„ÄÇ„Äç15Áßí,4827088.0,9.0,2,Sin Categor√≠a,2020
234,The Rockettes 'Be My Baby' video,6636077.0,1284.0,41,Music,2013
235,Vegam√°lun G√çH,3012775.0,1632.0,162,People & Blogs,2017
236,Traditional Malaysian blowpipe maker shows how he takes down his prey in the wild,3510345.0,32449.0,248,Film & Animation,2017
237,Doug Fernandez gives up,2002491.0,19461.0,185,People & Blogs,2017
238,–ú–∏—Ä –Ω–µ –±–µ–∑ –¥–æ–±—Ä—ã—Ö –ª—é–¥–µ–π    –ó–∞–±—ã–≤ –ø—Ä–æ —Å–≤–∞–¥—å–±—É,2068532.0,839.0,45,Music,2017
239,Napoleon. Always in for a thrill. NL,4245390.0,2.0,3,Sin Categor√≠a,2019
240,Buffet,2751775.0,5401.0,342,Comedy,2016
241,Customer Fail!,4525935.0,8052.0,"2,288",People & Blogs,2016
242,Blue Angels Fly By,7980199.0,11170.0,417,Comedy,2015
243,Tyla Yaweh - I Think I Luv Her (Lyric Video) ft. YG,2124429.0,19110.0,"1,256",Music,2019
244,Convert JPG to PDF with Convert-JPG-to-PDF.net,1275912.0,373.0,116,Sin Categor√≠a,2012
245,"Dare to live without limits, FibreGuard Stain Resistant Fabric",1370100.0,7.0,0,Sin Categor√≠a,2018
246,video picante del jaripeo,4148013.0,442.0,846,Entertainment,2009
247,Carle and Health Alliance ‚Äì Redefining healthcare around you,1320929.0,8.0,2,Sin Categor√≠a,2019
248,University of Arizona v.s. UCLA Streaker Dressed as Referee 2011 ENTIRE VIDEO (ORIGINAL),2601392.0,3467.0,580,Entertainment,2011
249,Breast Flexing,4119405.0,1819.0,215,Entertainment,2007
250,DOBLAJES DX EL CHAVO CHAPULIN COLORADO,1886651.0,421.0,"1,040",Comedy,2007
251,How to Change a Nipple Piercing,11658971.0,596.0,"7,432",Howto & Style,2011
252,"Crocodile attacks couple  in Zimbabwe , Kariba 2016 Insta @stueysink88",4422005.0,879.0,338,Pets & Animals,2016
253,Lil Kee - What You Sayin ft. Lil Baby,2716318.0,83058.0,0,Music,2022
254,"Buat kamu yang #BeraniExtra, Cobain Susu UHT Greenfields yang #ExtraTasty!",91527894.0,61.0,0,Sin Categor√≠a,2022
255,How to Save Water Around the Yard,10671714.0,19.0,0,Sin Categor√≠a,2022
256,√Örets beste griller - Prisguiden griller grillekspertene,2531881.0,15.0,0,Sin Categor√≠a,2018
257,NERDS Gummy Clusters | Roll Bounce,12348407.0,19.0,0,Sin Categor√≠a,2023
258,Helping small businesses find a way,1949456.0,0.0,0,Sin Categor√≠a,2021
259,ALFA - Vai! (Official Video - Sanremo 2024),5192650.0,49065.0,0,Music,2024
260,Trueno - REAL GANGSTA LOVE (Visualizer),3079234.0,109936.0,0,Music,2024
261,Isadora Pompeo - Ovelhinha (Ao Vivo),2934585.0,66830.0,0,Music,2024
262,"Sabe que os mlk √© drake, n√£o √© bigode n√£o",1415045.0,18770.0,0,Music,2024
263,ROSONES,1143334.0,27036.0,0,Music,2024
264,Ready? Ready.,1486824.0,4805.0,143,People & Blogs,2016
265,Privacy in a brand-named hotel,22529178.0,6601.0,"2,414",People & Blogs,2014
266,Ocean Mist Cut Down,6815505.0,38.0,14,Sin Categor√≠a,2019
267,Reckless Driver Videos Himself Speeding On Facebook Live Before Accident,3653602.0,3162.0,"4,296",Travel & Events,2016
268,"Empleados de BANAMEX d√°ndose de arrimones en Angel√≥polis, Puebla",3649044.0,192.0,"4,753",News & Politics,2010
269,Ë™∞„Åß„ÇÇÁ∞°Âçò„ÄÅÁÑ°Êñô„ÅßÂÖ¨ÈñãÔºÅ„Éõ„Éº„É†„Éö„Éº„Ç∏‰ΩúÊàê„Å™„ÇâWix.com,22504802.0,165.0,88,Howto & Style,2016
270,Old man is having fun under metallica,2566313.0,25274.0,399,Entertainment,2017
271,Experimento Asiento Inc√≥modo,2516672.0,1285.0,868,People & Blogs,2017
272,Rollercoaster bezichtiging in Ermelo,4851071.0,3934.0,141,People & Blogs,2014
273,–°–∏–¥–∏—Ç —Å–µ–±–µ —Ç–∞–∫–æ–π —Å—Ç–∞—Ä–µ—é—â–∏–π –°–µ—Ä—ë–∂–∞... (–¢–∞—Ä—É—Ç–∞ –º—É–ª—å—Ç–∏–∫),1020604.0,1123.0,9,People & Blogs,2017
274,Daddy yankee Llamada De Emergencia oficcial video,3393600.0,1210.0,126,Music,2008
275,American Terrorist Christopher Cantwell balls his eyes out,1283550.0,1966.0,"5,740",People & Blogs,2017
276,Chinese boy breaks elevator with his pee pee,2171435.0,990.0,102,People & Blogs,2018
277,Superman Disguise,1388327.0,6100.0,97,People & Blogs,2010
278,Touch at Your Own Risk,2637024.0,3931.0,222,People & Blogs,2017
279,Bio-Oil Love your marks,22620709.0,34.0,12,Howto & Style,2019
280,"Lisa Simpson calls Donald Trump Presidency, Increased Debt",5099101.0,6432.0,350,Comedy,2011
281,Accident in ski lift Gudauri Georgia,1070767.0,694.0,184,People & Blogs,2018
282,atlantis waterslide lol,1421652.0,475.0,38,Entertainment,2007
283,New 15 ' SunSense Sunscreen - Expert Care for the Sun Aware 30' Ad 2019/20 Summer,1207217.0,2.0,1,Sin Categor√≠a,2019
284,SHP SHPT1013 Brand Pre Roll Triplets 30   Unslated MP4,1394372.0,0.0,0,Sin Categor√≠a,2019
285,Lionel Messi VS Real Madrid The Fight,1851681.0,705.0,"1,163",Sports,2009
286,HELLS ANGELS BEAT & STAB BANDIDOS BIKER GANG,2659150.0,375.0,150,News & Politics,2007
287,Backyardigans,1232789.0,216.0,120,Entertainment,2010
288,Court room beating,3569473.0,2312.0,131,People & Blogs,2006
289,BACILOS LA CARA DE LA LUNA,2142731.0,2971.0,89,Music,2008
290,The best gymnastics of the world 1,1998858.0,1783.0,292,Sports,2007
291,Cars: Mater-National ps3,1459766.0,105.0,54,Entertainment,2008
292,Stuck Tractor,13021062.0,0.0,0,Autos & Vehicles,2007
293,"Hippo Charge on Chobe River Jan2015, recorded with iPhone 6; Botswana, Awesome but crazy dangerous.",9735098.0,14563.0,773,People & Blogs,2015
294,Kid at Minecon 2016 asks what we all wish we could answer,1669272.0,23510.0,502,People & Blogs,2016
295,Bruce Lee VS japanese school,22075523.0,25688.0,0,Film & Animation,2007
296,"Brest terres oc√©anes, le bout du monde √† port√©e de main !",1310703.0,93.0,0,Sin Categor√≠a,2020
297,Sauti Sol - Lil Mama (Official Audio),1642529.0,27426.0,0,Music,2022
298,Amarah Bagaikan Korek Api,15504921.0,90.0,0,Sin Categor√≠a,2022
299,#WhatMakesUsOne - by The Times of India - (60sec),34955901.0,20.0,0,Sin Categor√≠a,2023
300,Destroy Lonely - Look Killa (Short Film) (Short Film),1194149.0,89811.0,0,Music,2023
301,"Chencho Corleone, Peso Pluma - HUMO (Official Video)",8915202.0,199564.0,0,Music,2024
302,Tiryakinim,8170818.0,45890.0,0,Music,2024
303,don't leave me (Í±∞ÏßìÎßêÏ≤òÎüº),1787169.0,13937.0,0,Music,2024
304,"Rema, Shallipopi - BENIN BOYS",3795164.0,112684.0,0,Music,2024
305,Luck Ra - ROBAME UN BESO (Official Video),1891707.0,41102.0,0,Music,2024
306,JENNIE - ZEN (RUBY ALBUM MARCH 7),30170014.0,1932403.0,0,Music,2025
307,"Nanpa B√°sico, Kris R. - Cari√±itos Y Flores (Official Video)",4208059.0,63605.0,0,Music,2025
308,UWAIE,8114376.0,122955.0,0,Music,2024
309,Trueno - REAL GANGSTA LOVE (Official Video),15985735.0,263086.0,0,Music,2024
310,Eden Mu√±oz - todo me vale madre,1144941.0,30525.0,0,Music,2024
311,Helping small businesses find a way,1688453.0,2.0,0,Sin Categor√≠a,2021
312,Tinius Olsen in Education,9605323.0,5.0,0,Sin Categor√≠a,2021
313,"–¢—ñ—Å—Ç–æ ""–õ–µ–≤–∞–¥–∞"". –ù—É —ñ –∑–∞–º—î—Å! 20 —Å–µ–∫.",4782416.0,17.0,0,Sin Categor√≠a,2021
314,DIE 4 YOU,5766751.0,65566.0,0,Music,2023
315,Ice Spice & Nicki Minaj - Princess Diana (Official Music Video),45990411.0,1128880.0,0,Music,2023
316,Hitana,1614632.0,9651.0,0,Music,2023
317,Cracker Barrel Cheese: The Big Night (:15s),17485016.0,10.0,0,Sin Categor√≠a,2023
318,ARIETE - MARE DI GUAI (Official Video - Sanremo 2023),1130141.0,17689.0,0,Music,2023
319,Say My Name,1845505.0,18095.0,0,Music,2023
320,‰∫∫‰∫ãÈÉ®„ÅåÈÅ∏„Å∂„Éô„Çπ„Éà„Éê„Ç§Ôºà30ÁßíÔºâ ÔΩúÂÅ•Â∫∑ÁÆ°ÁêÜ„Ç∑„Çπ„ÉÜ„É† CarelyÔºà„Ç±„Ç¢„É™„Ç£Ôºâ,3952851.0,7.0,0,Sin Categor√≠a,2022
321,Kids Tiffin,17363846.0,4.0,0,Sin Categor√≠a,2023
322,"Jhay Cortez, J. Balvin, Bad Bunny - No Me Conoce (Remix)",2399769757.0,6684120.0,0,Music,2019
323,A Needed Response,11622727.0,39804.0,"1,872",Sin Categor√≠a,2013
324,How to surprise a horse,1625194.0,7357.0,352,Comedy,2016
325,Service station attempted robbery,346486.0,433.0,8,People & Blogs,2016
326,Lep≈°√≠.TV - Nov√° dimenze sledov√°n√≠ televize On-line,3997769.0,7.0,1,Sin Categor√≠a,2021
327,Best of Both Worlds,14813633.0,11336.0,"1,289",Entertainment,2006
328,SHOCKING!! Tumor of 186 Pounds! - Man Pleads For Help.,45105963.0,3902.0,"6,244",People & Blogs,2011
329,–ù–∞–ø–∞–¥–µ–Ω–∏–µ –±–∞–π–∫–µ—Ä–æ–≤ –Ω–∞ –º–∞—à–∏–Ω—É! (—Å –Ω–µ–æ–∂–∏–¥–∞–Ω–Ω—ã–º –∫–æ–Ω—Ü–æ–º!),15766889.0,15639.0,"2,200",People & Blogs,2014
330,Color changing Lightning McQueen,7005951.0,803.0,907,Gaming,2010
331,Funny baby girl faces,13524975.0,10164.0,"1,532",People & Blogs,2007
332,When You play dodgeball with a Softball player. licensing@rumble.com,2134991.0,12128.0,299,Comedy,2017
333,Bird learns how life works,4916042.0,74420.0,703,Gaming,2015
334,—ç–∫—Å—Ç—Ä–µ–º–∞–ª—å–Ω—ã–π –≤–∑–ª–µ—Ç –≤ –ë–æ–¥–∞–π–±–æ.mp4,1891710.0,3389.0,109,Autos & Vehicles,2012
335,Election Day (16x9 - 15 seconds) | Elections Canada,3036451.0,1.0,0,Sin Categor√≠a,2021
336,HOW TO GET IT - HYPNOTIQ FT. LIL WAYNE (PRODUCED BY SOUNDMASTER T),3040398.0,8936.0,17,Music,2016
337,Noble Official Trailer,2110253.0,146.0,6,Sin Categor√≠a,2015
338,How to spend a sick day,4292471.0,1650.0,29,People & Blogs,2014
339,Ikan Besar Terdampar di pantai anakotao/Hulung Des,8191516.0,1978.0,357,People & Blogs,2017
340,–≤–Ω–µ–∑–∞–ø–Ω–æ,962437.0,2280.0,257,People & Blogs,2017
341,–°—É–ø–µ—Ä –≥–µ—Ä–æ–∏ —Å–µ—Ä–≤–∏—Å–∞ Nissan ‚Äî –¢–∞–π—Ä–æ,1921703.0,2947.0,"1,776",People & Blogs,2017
342,Clumsy Dog,3432791.0,24140.0,254,Gaming,2017
343,BuitenHof Tuinmeubelen | Weten dat het goed zit,1804589.0,0.0,1,Sin Categor√≠a,2019
344,Proposal In Disney World With A Surprise Ending,3379064.0,3034.0,149,Entertainment,2012
345,–£–ø—Ä–∞–≤–ª—è—Ç—å –±–∏–∑–Ω–µ—Å–æ–º —É–¥–æ–±–Ω–æ –∏ –ø—Ä–æ—Å—Ç–æ! –ü–∞–∫–µ—Ç —É—Å–ª—É–≥ ‚Äú–õ–µ–≥–∫–∏–π —Å—Ç–∞—Ä—Ç‚Äù –æ—Ç –°–±–µ—Ä–±–∞–Ω–∫ –¥–ª—è –º–∞–ª–æ–≥–æ –±–∏–∑–Ω–µ—Å–∞.,8162969.0,29.0,7,Nonprofits & Activism,2018
346,Im sorry?,3670491.0,30180.0,171,People & Blogs,2017
347,The Metigy Command Centre promo,1040965.0,27.0,22,Sin Categor√≠a,2018
348,porch hands,788325.0,1899.0,82,Film & Animation,2016
349,"Fripozo | Alrededor de una mesa se comparten un mont√≥n de cosas‚Ä¶y sin ella, tambi√©n.",2067244.0,38.0,26,Howto & Style,2018
350,Deep Eddy Vodka: Set the Stage,4000769.0,2.0,0,Entertainment,2018
351,"ILLENIUM, Jon Bellion - Good Things Fall Apart",10358663.0,169009.0,"3,138",Sin Categor√≠a,2019
352,SHP SHPT1005 Medicare Pre Roll Stanley 30   Unslated MP4,1281721.0,0.0,0,Sin Categor√≠a,2019
353,"ILLENIUM, Jon Bellion - Good Things Fall Apart (Lyric Video)",3474334.0,108128.0,"1,292",Music,2019
354,URBAN LIFESTYLE - Iconix Energy Youtube Commercial,1698423.0,7.0,4,Sports,2019
355,A Breech In The System - trailer,48637746.0,3343.0,"2,670",People & Blogs,2010
356,Woman harassed and hit by a man in the streets of Paris [Eng/Fr],7022746.0,1638.0,760,People & Blogs,2018
357,WII,1634684.0,8333.0,338,Entertainment,2006
358,MUSTANG DRAG CAR @ WSID=1,1428328.0,427.0,247,Autos & Vehicles,2007
359,"faire grossir sa poitrine, ses seins how to make big tits boobs",2271592.0,2923.0,215,Film & Animation,2011
360,Best Robot Dance Ever - Icmeler 2010,2576129.0,950.0,"4,503",Entertainment,2010
361,Seleccion Argentina 2010 Waving Flag,1190356.0,2026.0,65,Sports,2009
362,Luciana Vendramini no F√≥rmula √önica,2900719.0,365.0,171,Entertainment,2006
363,H√∂vding krocktest,2394252.0,1734.0,87,Science & Technology,2010
364,SHARK ATTACK - Don't touch the glass !!,2058082.0,7435.0,"1,067",People & Blogs,2014
365,The Most Loving Cat In The World,3411990.0,4751.0,74,People & Blogs,2015
366,Parks and Rec Come back joke,2482309.0,20964.0,224,Comedy,2012
367,AIELLO - ORA (Official Video - Sanremo 2021),1132390.0,23083.0,887,Music,2021
368,Êñ∞ÊôÇ‰ª£ („Ç¶„Çø from ONE PIECE FILM RED),4321634.0,156105.0,0,Music,2022
369,Doechii - Anxiety (Visualizer),40116402.0,1032825.0,0,Music,2025
370,üò≠,101094612.0,3259676.0,0,Entertainment,2025
371,JENNIE & Dominic Fike - Love Hangover (Official Video),31499047.0,1719118.0,0,Music,2025
372,Rocket Blast Off #messingaround #flying #fun #brothers #playing #hangtime,156690686.0,1868300.0,0,Sports,2024
373,EVLƒ∞ MUTLU CISTAK,1024855.0,5714.0,0,Music,2024
374,Are You Sharp Enough? with Darrelle Revis | PointsBet Sportsbook,1072369.0,3.0,1,Sin Categor√≠a,2019
375,Mila Kunis Tells Off A Reporter In Fluent Russian,3324459.0,23701.0,834,Entertainment,2012
376,Golpes de padel,982730.0,382.0,40,Sin Categor√≠a,2007
377,Cocin√° a le√±a con Bosca,1140657.0,4.0,0,Entertainment,2019
378,Crayola lets kids go free to Sea Life,1041896.0,7.0,3,Education,2019
379,Boomerang,3050764.0,3939.0,290,Comedy,2005
380,Prehistoric shark captured on film,12466431.0,11517.0,769,Pets & Animals,2007
381,Kale's nail biting video 1,1123520.0,253.0,735,People & Blogs,2017
382,Beijing Airpocalypse Arrival,1237586.0,1923.0,438,People & Blogs,2017
383,I can feel it down in my plums....,1576942.0,4498.0,153,Comedy,2009
384,Âè∞ÂåóÊï∏‰ΩçÂª£ÂëäÂ∏∂ÊÇ®ÊéåÊè°Á§æÁæ§Ë°åÈä∑,3875011.0,31.0,34,Sin Categor√≠a,2014
385,Dance Precisions   Scream   Shout,1731322.0,963.0,206,Music,2014
386,–ñ–∏–∑–Ω—å –ø–ª–∞—Å—Ç–∏–∫–æ–≤–æ–π –±—É—Ç—ã–ª–∫–∏,2061290.0,2432.0,387,People & Blogs,2017
387,Man shot on camera by the police - Police brutality,17056400.0,8834.0,"4,604",Entertainment,2011
388,Elephant lucky from the jaws of crocodile,2730336.0,1187.0,169,People & Blogs,2017
389,Best Western Sverige - 30 s - Med erbjudande,1009282.0,7.0,1,Sin Categor√≠a,2021
390,EyePet Trailer,1227844.0,1019.0,79,Sin Categor√≠a,2008
391,Mr Bean imitator 3 voor amusement - boekt u bij www.jbproductions.nl,8411133.0,1194.0,"1,216",Entertainment,2007
392,Flying nut high five,7852043.0,62744.0,748,People & Blogs,2014
393,Ae Dil Hai Mushkil Cover Unwind -- Tabitha Chettupally,5081915.0,5011.0,118,People & Blogs,2017
394,YouTubeÈÖç‰ø°Â∫ÉÂëä„ÄåÁ§æÂì°ÁôªÂ†¥Á∑®„Äç,4592080.0,58.0,31,Autos & Vehicles,2015
395,Carlsberg stunts with bikers in cinema,22426928.0,50810.0,806,Entertainment,2011
396,Panchlait - Teaser 2 | Prem Modi | Funtime Entertainment,885706.0,5835.0,217,Film & Animation,2017
397,tommy wiseau can't understand millennials,3320857.0,28326.0,198,Comedy,2017
398,Maximus by Kerbedanz - the biggest known tourbillon for wristwatch,1263651.0,10376.0,126,People & Blogs,2017
399,kitchen makeover fail,3975191.0,1514.0,"2,231",People & Blogs,2012
400,FIA WEC 2018 Spa Francorchamps Crash #17 BR Engineering BR1-AER Eau Rouge,1586550.0,1739.0,75,Gaming,2018
401,Explosion galaxy note7 in the burger king korea,3957239.0,4330.0,"2,350",People & Blogs,2016
402,Phoenix - Lisztomania - Boston University Brat Pack Mashup,3824693.0,15236.0,858,Sin Categor√≠a,2010
403,Carlos Alberto 1970 wondergoal,1512563.0,1552.0,118,Sports,2006
404,"Polident Super Sigillante - Spot TV 15""",3502797.0,2.0,0,Sin Categor√≠a,2021
405,Marea que se joda el viento,1574564.0,1540.0,66,Music,2006
406,GTA San Andreas Car Mods,1407396.0,975.0,134,Entertainment,2007
407,The Red Solstice 2:Survivors - Price of failure,7812856.0,197.0,10,Gaming,2019
408,"Just Eat - M√∏d L√™L√™, Grillen Burgerbar, Kebabish & Perbacco",9619541.0,8.0,16,Entertainment,2018
409,Subaru Get More G's Ad 1,9149607.0,4290.0,515,Autos & Vehicles,2010
410,DBGT ssj4 Gogeta vs Omega Shenron,1135406.0,605.0,55,Film & Animation,2008
411,2018 new jazz club songs - Bossa NIGHT -(dance remix),2379886.0,0.0,0,Music,2011
412,VTEC SOUND,1439814.0,2379.0,110,Autos & Vehicles,2006
413,James Showing His Ben 10 Omintrix Watch Toy,3351812.0,0.0,0,People & Blogs,2007
414,Comedian Hits on Hecklers Girlfriend,5260834.0,6870.0,"1,032",Comedy,2007
415,Primer Ca√±o a Ronaldinho,1736901.0,1861.0,306,Sports,2007
416,"Ronaldinho,C.Ronaldo,Kaka",4970841.0,3199.0,257,Sports,2010
417,REAL LIFE TRANSFORMER,1818326.0,1989.0,284,People & Blogs,2007
418,FloRida - Right Round (VinylRockerz Remix),3334348.0,3889.0,471,Music,2009
419,Disney songs (2),2141164.0,1164.0,74,Film & Animation,2007
420,Alicia Keys How to Save A Life (the Fray Cover) Radio One Live Lounge,974519.0,1532.0,803,Music,2009
421,"Margot loves Brown Bear, Brown Bear. Baby laughing",3320366.0,1239.0,28,People & Blogs,2014
422,Strange creature freaks out plantation workers in Sarawak,9700006.0,2478.0,"2,027",News & Politics,2015
423,Polar bear petting dog,8058364.0,24707.0,"1,821",Entertainment,2016
424,Light Rain,3488820.0,2995.0,60,Entertainment,2009
425,JD Pantoja - 12‚Ä¢19 (Trailer),2144710.0,317352.0,"8,155",Music,2020
426,"MS Inside Out: My name is Sean, and this is my story.",1417655.0,0.0,0,Sin Categor√≠a,2018
427,Funny commercials-21,3285284.0,702.0,0,Comedy,2010
428,Aslay feat. Harmonize - Follow Me (Official Music Video),1397658.0,44137.0,0,Music,2022
429,PRAN Peanut Bar | ‡¶∏‡ßç‡¶Æ‡¶æ‡¶∞‡ßç‡¶ü ‡¶ï‡¶ø‡¶õ‡ßÅ ‡¶ñ‡¶æ‡¶ì,5615545.0,7.0,0,Sin Categor√≠a,2023
430,Coma_Cose - L'ADDIO (Official Video - Sanremo 2023),3672887.0,41513.0,0,Music,2023
431,Oxlade - KU LO SA (Official Video),6005457.0,134873.0,0,Music,2022
432,Classy 101,11170714.0,157703.0,0,Music,2023
433,Carrabba's Italian Roots,34772211.0,24.0,0,Sin Categor√≠a,2021
434,"Jay Wheeler, Anuel AA, Hades66 - Pacto (Remix) (Official Video) ft. Bryant Myers, Dei V",16651507.0,517095.0,0,Music,2023
435,"Gazo, Tiakola - NOTRE DAME (Visualizer)",1551825.0,27064.0,0,Music,2023
436,Eladio Carri√≥n - Cuevita (Live Session) | Vevo ctrl,2246356.0,26765.0,0,Music,2023
437,„ÄêRENOSYÔºà„É™„Éé„Ç∑„ÉºÔºâ„ÄëÁ¢∫Â∫¶„ÅÆÈ´ò„ÅÑ‰∏çÂãïÁî£ÊäïË≥á_15Áßí,15489613.0,19.0,0,Sin Categor√≠a,2023
438,–ú–æ–∂–Ω–æ —è —Å —Ç–æ–±–æ–π (can i come with you),2218610.0,92278.0,0,Music,2024
439,Laf 2.0,1068698.0,11495.0,0,Music,2024
440,ƒ∞htimallerde Yoksan,2028211.0,10812.0,0,Music,2024
441,UWAIE,6903203.0,45620.0,0,Music,2025
442,"Papa V, Nerissima Serpe, Fritu -‚Å† Wop Wop feat. Shiva (Audio)",914168.0,14506.0,0,Music,2025
443,Me And The Devil (SLOWED + ECO),1593787.0,18204.0,0,Music,2025
444,Í∑∏ÎûòÏÑú Í∑∏ÎåÄÎäî,1830212.0,7770.0,0,Music,2024
445,Bi Polar (SAYGI1),885313.0,12792.0,0,Music,2024
446,Ysrael Barajas - GPI 2 (Video Oficial),983919.0,20719.0,0,Music,2024
447,Sobran Motivos,1574149.0,13731.0,0,Music,2024
448,RickRoll'D,78178105.0,318037.0,"44,953",Music,2007
449,My dad flew into town to surprise his parents.,888893.0,8190.0,113,People & Blogs,2016
450,Fat Bike caught on an Electric Fence!,3580228.0,13803.0,406,People & Blogs,2017
451,Girl falls off stage while getting proposed to at dallas music festival ORIGINAL (part 1),322489.0,887.0,239,People & Blogs,2017
452,Cantona VS Supporter,3694102.0,5186.0,465,Sports,2011
453,„Éë„É≥„ÉÑ„Å†„Åë„Å™„ÅÆ„ÅØÊ≠£Â∏∏„Åß„Åô,5498422.0,561.0,234,Howto & Style,2008
454,Real Exorcism of Anneliese Michel,38507859.0,0.0,0,People & Blogs,2007
455,Â©öÂâçË©¶ÊÑõ 2010Âπ¥12Êúà23Êó• ÈõªÂΩ±Âª£Âëä,48695613.0,2444.0,"2,753",Film & Animation,2010
456,Toys.ee - BABY born¬Æ nukk,18423437.0,2431.0,"1,853",Entertainment,2008
457,"Rihanna ""Cry""",32695896.0,47735.0,"1,456",Music,2007
458,Funny Football,37544668.0,37127.0,"2,904",Comedy,2006
459,Ministry of Silly Walks,9558072.0,39783.0,"1,251",Comedy,2006
460,burp helium (so funny),12552948.0,81470.0,"2,073",People & Blogs,2014
461,the fast and the furious music,4043321.0,1617.0,581,Music,2009
462,Driving on Water,1208750.0,392.0,15,Autos & Vehicles,2007
463,Kelly Clarkson - Stronger (lyrics + deutsche √úbersetzung),2264728.0,4545.0,126,Music,2012
464,John Cena - My Time Is Now,38332239.0,52593.0,"5,494",Music,2007
465,Ken Lee or Without you by Mariah Carey (ENGLISH SUBTITLES),18308842.0,28127.0,"1,491",Entertainment,2008
466,BallsCrash,280745872.0,64224.0,"21,652",Comedy,2009
467,Sister Act 2 - Oh Happy Day,37730464.0,87538.0,"1,589",Music,2006
468,Of Monsters And Men - Love Love Love,3474904.0,16311.0,170,Music,2010
469,Early Voting Options 2 (16x9 - 30 seconds) | Elections Canada,2358658.0,0.0,0,Sin Categor√≠a,2021
470,Red Suit || Official HD Video || Latest Punjabi Songs || RK Ramme,1080296.0,2237.0,61,Music,2017
471,Die W√ºrttembergische - Passt-sich-an-Prinzip Umzug,1867469.0,4.0,1,Sin Categor√≠a,2019
472,Discover the way banking should be - Regional (10 sec),1743437.0,0.0,0,Sin Categor√≠a,2016
473,"–ë–∞–ª–∞–∫–ª–µ—è, –•–∞—Ä—å–∫–æ–≤, –º–æ–º–µ–Ω—Ç –¥–µ—Ç–æ–Ω–∞—Ü–∏–∏",1941205.0,4907.0,197,People & Blogs,2017
474,Opening a 9-year old Easter egg,2807049.0,3455.0,"1,006",People & Blogs,2017
475,Knight and Day - Trailer 3,1530779.0,1098.0,66,Entertainment,2010
476,THE #TWOFINGERSOFWILDNESS EVENT,1320219.0,0.0,0,People & Blogs,2015
477,Loch Ness Monster Sighting 7th May 2017 About 9am,1894110.0,447.0,985,Travel & Events,2017
478,Najlepszego Polsko!,1465545.0,85.0,44,Sin Categor√≠a,2018
479,ITS ALL IN THERE REMIX,2081718.0,3024.0,52,Music,2017
480,"Denver morning news show tries Carolina Reaper #OneChipChallenge, goes badly",896464.0,0.0,0,Comedy,2017
481,David Nalbandian angrily kicks Linesman in Queens Final [17/6/12] - BBC One (ORIGINAL VIDEO),4758192.0,2286.0,991,Entertainment,2012
482,I was in a wedding and smashed my face,1596447.0,6001.0,176,People & Blogs,2017
483,Fox News idiocy.,1227176.0,5383.0,457,News & Politics,2017
484,Bike Race Free - Racing Game - Lots of NEW CONTENT,26882229.0,3145.0,"1,435",Gaming,2016
485,9-30-2017 Marilyn Manson Hammerstein Ballroom prop/stage collapse,1315977.0,799.0,221,People & Blogs,2017
486,"This is a dollar, not a card",1144211.0,6389.0,132,People & Blogs,2017
487,Fedez - Prima di ogni cosa (Official Video),4833788.0,202477.0,"7,131",Music,2018
488,Meet Will,3121597.0,40432.0,313,Comedy,2018
489,Mad Mike Hughes (RUFF) blasts off 03-24-18,1083036.0,0.0,0,Science & Technology,2018
490,Zebet - Comment avoir la cote ? Avec le DOUBLE BONUS !,1903815.0,0.0,1,Sin Categor√≠a,2019
491,Antibiyotik Mevsimi Geldi!,14941185.0,3.0,2,Sin Categor√≠a,2019
492,Earn & Redeem PAYBACK Points on Shopping ‚Äì Big Bazaar,20096070.0,47.0,11,Sin Categor√≠a,2020
493,Accidente en lineas  de alta tension,809389.0,161.0,30,Education,2008
494,Insano - The biggest waterslide of the world - Brazil - Cear√° - Fortaleza,2429774.0,743.0,218,Comedy,2009
495,Air Crashes & Accidents,4668120.0,562.0,"1,486",Autos & Vehicles,2009
496,Dashcam BMW crash,5666551.0,14735.0,"1,208",People & Blogs,2016
497,Lamborghini Reventon vs. Tornado,9550473.0,8190.0,873,Autos & Vehicles,2008
498,Carnival Magic Cruise ship nearly runs over jet skiers,1701340.0,2062.0,328,Nonprofits & Activism,2017
499,Audi RS6 5.0 V10 TFSI Beschleunigung 0-351km/h www.kubatech.de,4546880.0,2408.0,272,Autos & Vehicles,2009
500,Subway¬Æ | Richtig lecker. Richtig g√ºnstig. | TV Spot,10537317.0,33.0,17,Entertainment,2020
501,8 Rules of Fight Club Trailer,1352408.0,2752.0,97,Entertainment,2006
502,The Muppets Electrical Nose Warmer,944461.0,1267.0,41,Comedy,2007
503,Kid singing Britney Spears scared to death by his mom,11940134.0,39480.0,"2,324",Comedy,2007
504,Waving Flag - Cancion del Mundial Sudafrica 2010 - K'naan y David Bisbal.flv,1694185.0,2000.0,46,Sports,2010
505,Kingdom Hearts: Birth By Sleep (PSP) trailer [High Quality],4245757.0,14725.0,346,Entertainment,2007
506,King Kuduro - Il faut danser,4816624.0,3361.0,181,Music,2009
507,GTA San Andreas Tuning Mod,1532108.0,647.0,91,Gaming,2009
508,È≠ö„ÇíÁîü„Åã„Åó„Å¶„ÅÑ„Åü„Çâ„ÄÅ„Åæ„Åï„Åã„ÅÆÊÉ®‰∫ãÔºÅÔºÅ,2306190.0,106.0,300,Sports,2009
509,pool trickshots in the news,1216090.0,694.0,84,Sports,2007
510,UFO-Doctor Doctor,1142679.0,4305.0,55,Music,2008
511,Bull Moose Charges Truck,3775980.0,5080.0,"6,017",Pets & Animals,2009
512,Vai ser Burra assim la longe,3458731.0,1897.0,381,Comedy,2008
513,My Diablo 3 Inferno Tactic,2362860.0,22368.0,787,Gaming,2012
514,Selena Gomez Come And Get It Live Performance SINGING LIKE AN ANGEL !,5943702.0,7132.0,"2,859",Music,2009
515,Simona Halep Q Match1_2 Paris Indoors 2009,5529798.0,2561.0,132,Sports,2009
516,Glentoran 1-0 Portadown BURROWS GOAL,5400744.0,0.0,0,Sports,2010
517,singing hippopotamus,6380182.0,3440.0,399,Comedy,2005
518,"Marcela Gandara ""Antes de Ti""",1803120.0,572.0,41,Music,2006
519,Derrick Barry (Britney Spears) - America's Got Talent,5370442.0,12906.0,757,Entertainment,2008
520,10/21 ËãóÊ†ó‰∏≠Ê≠£ÁõÉÔºçËê¨ËÉΩÁßëÂ§ßÁêÉÂì°ÊîªÊìä‰∏≠Â§ÆÂ§ßÂ≠∏ÁêÉÂì°,635395.0,137.0,763,People & Blogs,2016
521,Cleveland and Chicago Unite to Defeat Trump - TrumpTraders.org,1155708.0,21.0,62,News & Politics,2016
522,2016 MAMA ÁéãÂ§ßÈô∏ Â§ßÂπ≥Âè∞,1735464.0,2708.0,"4,760",People & Blogs,2016
523,Rabbit Vs Snake.  Momma Rabbit save babies - Original Video,24914138.0,21753.0,"1,239",Pets & Animals,2015
524,Yakult One And Only - English,34686085.0,391.0,179,Travel & Events,2017
525,Heaven - DJ Sammy Remix,11370933.0,21100.0,0,Music,2006
526,Club 4 Paws Selection ‚Äî –õ—é–±–æ–≤ –∑–∞–≤–∂–¥–∏ –≤—á–∞—Å–Ω–æ,8058118.0,210.0,0,Sin Categor√≠a,2022
527,Prohibidox,7149556.0,109633.0,0,Music,2022
528,Seen,1212699.0,8362.0,0,Music,2023
529,Aslay - Inauma (Official Music Video),1606569.0,34829.0,0,Music,2023
530,"OnPoint Community Credit Union | ""Community"" Commercial",3798286.0,22.0,0,Sin Categor√≠a,2020
531,Tiryakinim,6332540.0,64248.0,0,Music,2024
532,"Gazo, Tiakola - CARTIER (Visualizer)",1366275.0,34494.0,0,Music,2023
533,Bƒ±raktƒ±ƒüƒ±n Gibi Burdayƒ±m,1291926.0,10366.0,0,Music,2024
534,¬øNudo por estr√©s?,58296785.0,19.0,0,Sin Categor√≠a,2022
535,Isadora Pompeo - Tetelestai (Ao Vivo) ft. Carol Tauber,1205733.0,34861.0,0,Music,2024
536,Bƒ±raktƒ±ƒüƒ±n Gibi Burdayƒ±m,1889571.0,13340.0,0,Music,2024
537,Trueno - RAIN III (Visualizer),2157197.0,129977.0,0,Music,2024
538,Eden Mu√±oz - Traigo Saldo y Ganas de Rogar,1077182.0,18109.0,0,Music,2024
539,A kind-hearted elderly person rescued an injured peacock.#animals #wildliferescue #rescueefforts,146925966.0,1616667.0,0,People & Blogs,2025
540,Drawing the pillar of lifeü•∂üóø#trollface #trollfaceedit #troll,133062446.0,3173002.0,0,People & Blogs,2025
541,El General Panter B,749036.0,6820.0,0,Music,2025
542,JENNIE - like JENNIE (Official Video),60535069.0,2515187.0,0,Music,2025
543,Ysrael Barajas - Pl√°tica Con Cupido (Cover Audio),2139232.0,29151.0,0,Music,2025
544,PUN - BF (feat. URBOYTJ),1588998.0,39090.0,0,Music,2024
545,"SEVDALIZA - ALIBI | Live From Vevo Studios ft. PABLLO VITTAR, YSEULT",5368532.0,223418.0,0,Music,2024
546,Squid Game - Round and Round Mingle (Marimba Ringtone),4822670.0,74581.0,0,Music,2024
547,¬°Que Te Pasa!,1668686.0,24060.0,0,Music,2024
548,JADE - Angel Of My Dreams (Official Video),5396154.0,214969.0,0,Music,2024
549,your pet‚Äôs perfect moment ü§≠ #petportrait #funnypets #perlover #petpainting #fyp #petparent #petart,117001584.0,860277.0,0,People & Blogs,2025
550,Ben Kalbimin Orta Yerine Seni Yazdƒ±m,765423.0,4561.0,0,Music,2024
551,Rauw Alejandro - Touching The Sky (Official Video),3139901.0,109406.0,0,Music,2024
552,–ß–∞–π LOVARE. –í—ñ–¥—á—É–π –∫—Ä–∞—Å—É!,9822893.0,42.0,0,Sin Categor√≠a,2021
553,The HVAC Whisperers,2441730.0,5.0,4,Sin Categor√≠a,2019
554,Unlikely couple: Liaison between a Sika deer and a Japanese snow monkey,3126743.0,1009.0,474,Pets & Animals,2017
555,Jeopardy: What is a threesome?,2838751.0,7651.0,126,Comedy,2011
556,„Äê15 ÂàÜÈêòË≤∏ÈñÉÂà∞Êâã„ÄëÂ§ßÊñ∞‰∫§Á®Ö„ÄåÂø´ÊáâÈå¢„Äç,2375682.0,15.0,4,Sin Categor√≠a,2019
557,"Spinal Tap - ""These go to eleven....""",1880022.0,10651.0,160,Comedy,2011
558,"Assault on Most Reverend Manuel A. Cruz, Auxiliary Bishop of the Archdiocese of Newark",1301276.0,1317.0,530,Film & Animation,2017
559,√Ñlg i vak,2104408.0,8941.0,147,Pets & Animals,2017
560,LA CINTURA MAS DELGADA DEL MUNDO,54003557.0,15233.0,"10,100",Entertainment,2007
561,David Hasselhoff - Hooked on a Feeling,13848813.0,42810.0,"4,411",Music,2006
562,Wooden spoon trick - Sleifaratri√∞i√∞,5644916.0,10964.0,416,Entertainment,2010
563,QURAN,437840.0,30.0,218,People & Blogs,2017
564,"Familiada - Imiƒô mƒôskie na literƒô O. (Oliwier, Oliwia)",969271.0,4668.0,204,People & Blogs,2017
565,Elephant Multi Car Discount,3102746.0,0.0,2,Sin Categor√≠a,2019
566,Ryan Gosling - Epic Old Dancing Videos 1992,1694235.0,6734.0,210,People & Blogs,2015
567,Ronaldinho truco incre√≠ble 2011,21752141.0,7507.0,"1,779",Sports,2011
568,Ovechkin fight vs Columbus,908626.0,4112.0,376,Entertainment,2017
569,Spider-man - Double Track - Fan Film [2007],30976762.0,9263.0,"4,457",Film & Animation,2007
570,Mr.President- Coco jumbo,8029186.0,13431.0,522,People & Blogs,2007
571,Metallica-Fade To Black,35496234.0,88736.0,"2,442",Music,2006
572,Phun Car,7045249.0,1006.0,"1,151",Science & Technology,2009
573,Super platano brothers,1595388.0,14720.0,344,Comedy,2017
574,Red Dawn Trailer,3964762.0,1323.0,222,Entertainment,2012
575,My Name Is - Eminem (Backwards Message),3541035.0,5004.0,575,Music,2006
576,Ê¥•Ê≥¢„ÄÄTSUNAMI - Earthquake (3/11)„ÄÄ20110411,6683001.0,2295.0,345,Comedy,2011
577,Teijin Aramid | Be sure with aramids in automotive,2783994.0,3.0,0,Science & Technology,2020
578,The last thing my Nest cam saw...,1103324.0,2863.0,"3,111",Comedy,2017
579,–ù–∞—Ü–∏–æ–Ω–∞–ª–∏—Å—Ç—ã –Ω–∞ –º–∏—Ç–∏–Ω–≥–µ 12 –∏—é–Ω—è. –†–∞—Å—Å–ª–µ–¥–æ–≤–∞–Ω–∏–µ Je Suis Maidan,1220251.0,1393.0,"2,469",People & Blogs,2017
580,2017 04 12 Przejscie,1098005.0,7520.0,422,People & Blogs,2017
581,ALDO LE CHEF COCHON KARAOKE,4875239.0,2746.0,652,Sin Categor√≠a,2011
582,"KAMILLA - –ù–µ—Ç –ª—é–±–≤–∏ (–ü—Ä–µ–º—å–µ—Ä–∞ –∫–ª–∏–ø–∞, 2017)",1260133.0,3393.0,"1,468",People & Blogs,2017
583,Announcing Fyre Festival,3293365.0,1563.0,"12,051",People & Blogs,2017
584,Ê∞¥ÊóèÈ§®Â§ßÈ≠öÁ™ÅÁÑ∂Ê≠ª‰∫° Sudden death of a fish in Okinawa aquarium,1194632.0,1207.0,738,People & Blogs,2013
585,Jean-Claude Juncker drunk and bitch slaps leaders,2668268.0,5378.0,576,People & Blogs,2015
586,Maddie Waiting for the Beat to Drop,9868674.0,68446.0,"2,692",People & Blogs,2017
587,"Rado≈õƒá w prezencie, czyli CEWE FOTOKSIƒÑ≈ªKA Majewskich",3006030.0,8.0,1,Sin Categor√≠a,2018
588,Black bear charge(attack) fire river ontario spring 2017,5002420.0,7240.0,"1,243",People & Blogs,2017
589,"Silverado 500,000 mile celebration",836184.0,11538.0,283,People & Blogs,2017
590,Android Lost intro,1552477.0,321.0,93,People & Blogs,2015
591,Chroma Key test,7527125.0,41698.0,"1,547",Entertainment,2010
592,Grandpa Break Dancing Battle,1274520.0,1207.0,78,People & Blogs,2014
593,–≠—Ç–æ —à–æ–∫..–≤–æ—Ç —Ç–∞–∫ —Ä—É—Å—Å–∫–∏–µ –∞–∫—Ç–µ—Ä—ã –ø–æ–¥—Ä–∞–±–∞—Ç—ã–≤–∞—é—Ç –≤ –Ω–æ—á–Ω—É—é —Å–º–µ–Ω—É..,769783.0,715.0,"10,522",People & Blogs,2017
594,New Champ Kayn/Rhaast Leak for LOL (Moobeat credit me you derro),847249.0,1857.0,173,People & Blogs,2017
595,–†–µ–≤–æ–ª—é—Ü–∏—è –Ω–∞ –î–≤–æ—Ä—Ü–æ–≤–æ–º :)),711353.0,1222.0,"3,832",Entertainment,2017
596,John Michael Montgomery-Letters From Home,1998307.0,2600.0,595,Sin Categor√≠a,2009
597,Fedez - PRIMA DI OGNI COSA (Teaser),885149.0,29689.0,"2,992",Music,2018
598,You can't even text and walk,1154376.0,10616.0,496,People & Blogs,2017
599,#Despacito with snoring - Despacito con ronquidos,2812994.0,18051.0,762,People & Blogs,2017
600,Coconut tree fall on woman 'Kanchan Rajatnath',1568903.0,489.0,200,People & Blogs,2017
601,Plan Novo - Brackets,3640958.0,4.0,0,Sin Categor√≠a,2019
602,Artifact new game announcement from Valve crowd reaction,1301165.0,17084.0,"1,900",Music,2017
603,Innovate the Industry by Burrow,2298709.0,13.0,4,Sin Categor√≠a,2018
604,Brian Ambrosini - AMC Gremlin - Wheelie Competition - Winner!,15505994.0,5350.0,280,Autos & Vehicles,2006
605,El Connecto,3583270.0,41735.0,485,People & Blogs,2018
606,Dennis Lloyd - Never Go Back (Official Video),720437.0,26772.0,274,Music,2019
607,G√∂nder Gelsin!,5634653.0,1268.0,191,Sin Categor√≠a,2021
608,"Begun, the Duck War has",3586169.0,51443.0,300,Entertainment,2017
609,Party Boy Corey Worthington and his Famous Sunglasses,896419.0,7060.0,152,News & Politics,2008
610,ËÅØÈÇ¶ÈäÄË°å2018ÂìÅÁâåÂΩ¢Ë±°Âª£Âëä-Áõ∏‰ø°‚ÄßÂ∏åÊúõ (60ÁßíÂÆåÊï¥Áâà),5842728.0,299.0,76,People & Blogs,2018
611,Cat doesn't like Trump,1200385.0,4548.0,198,People & Blogs,2016
612,"◊ë◊§◊†◊ò◊ü ◊ò◊ô◊§◊ï◊™ ◊¢◊ô◊†◊ô◊ô◊ù, ◊¢◊õ◊©◊ô◊ï ◊ë◊ê◊®◊ô◊ñ◊™ ◊ë◊ß◊ë◊ï◊ß ◊ó◊ì◊©◊î! ◊ú◊©◊ô◊§◊ï◊® ◊î◊ú◊ó◊ï◊™ ◊ï◊ú◊î◊ß◊ú◊î ◊ï◊ò◊ô◊§◊ï◊ú ◊ë◊¢◊ô◊†◊ô◊ô◊ù ◊ô◊ë◊©◊ï◊™",1606955.0,2.0,0,Sin Categor√≠a,2019
613,Jessie J 'Domino' [HIT SINGLE] Official Lyric Video + Single Cover (Full Song),14378553.0,29600.0,779,Sin Categor√≠a,2011
614,Bassem Rashidi - Rabbi Salli | Send Blessings ( ÿ®ÿßÿ≥ŸÖ ÿ±ÿ¥ŸäÿØŸä - ( ÿ±ÿ®Ÿä ÿµŸéŸÑŸêŸë,1047281.0,1172.0,5,Music,2016
615,Bjergsen Mom Appear in bikini during stream,2166792.0,2993.0,174,Gaming,2016
616,V'OLGA - –õ–û–í–ò–õ–ê,1136235.0,2735.0,756,People & Blogs,2017
617,Amtrak F40PH and Amfleet Cars Video 1,1212253.0,128.0,60,Autos & Vehicles,2007
618,expo mouland,1060048.0,276.0,73,Autos & Vehicles,2008
619,Poligrip Max Seal - The Big Game,3714231.0,5.0,7,People & Blogs,2018
620,Motorcycle Accident,2581137.0,977.0,812,Autos & Vehicles,2009
621,Red Remover Walkthrough 21-45 on PAR,10288090.0,2194.0,643,Gaming,2009
622,David Tavar√© - Hot Summer Night (Oh la la la),1337402.0,1893.0,74,Music,2008
623,Me prende!! megusta sentir tu cuerpo!!,861153.0,305.0,57,Music,2011
624,Amazing Japanese Fake Pool,44730824.0,68934.0,"3,827",People & Blogs,2007
625,How To Train Your Dragon 2 and Cartoon Series Information [Read Description],1597739.0,0.0,0,Entertainment,2011
626,Bob Sapp vs. Kimo UFC-K1 fight,1223675.0,1022.0,148,Sports,2008
627,–°–¢–û–ü –•–ê–ú. –≤–æ–¥–∏–ª–∞ –• 5 –±—É—Ä–∏—Ç –ø–æ –ø–æ–ª–Ω–æ–π,2595029.0,4452.0,570,Autos & Vehicles,2011
628,4 year old section Juan and Edgar,1006860.0,680.0,615,Entertainment,2006
629,Dj Akman KLibi www.xwebtasarim.com,1069153.0,341.0,32,Music,2006
630,KAJOL IN YEH DIL LAGI,73698562.0,6092.0,"4,683",Entertainment,2009
631,"Oda a ""The britains got talent"" (subtitulado).",2125187.0,2542.0,180,People & Blogs,2012
632,Gta san andreas Drift 2,1613818.0,929.0,692,Entertainment,2007
633,train stuck in snow,1463580.0,834.0,96,News & Politics,2010
634,Sims 2 - Everyday,877651.0,592.0,76,Film & Animation,2007
635,Lee Sin's great escape [Fixed!],1610253.0,9278.0,152,Gaming,2012
636,The Black Dahlia movie trailer,820548.0,996.0,56,Entertainment,2006
637,mike mo 12 yrs old,899520.0,2384.0,189,Sports,2008
638,"Gregory lemarchal, sos d'un terrien en detresse",1538856.0,1263.0,37,Music,2006
639,Ford Mustang Launch (street),1001605.0,2214.0,27,Autos & Vehicles,2008
640,ANAHI (rebelde) bailando LAS DIVINAS (remix),9347451.0,2426.0,"1,565",Entertainment,2009
641,Billie Jean (Live),1240220.0,3198.0,67,Entertainment,2006
642,"Fedezd fel! 3D s√©ta √°ruh√°zunkban | m√∂max, trendben otthon",1128947.0,0.0,0,Sin Categor√≠a,2019
643,–ü—Ç–∏—Ü –∑–∞—Å–∞—Å—ã–≤–∞–µ—Ç –≤–º–µ—Å—Ç–µ —Å –∑–µ—Ä–Ω–æ–º –Ω–∞ —Ö–ª–µ–±–æ–∑–∞–≤–æ–¥–µ,3120409.0,21206.0,"2,663",People & Blogs,2016
644,paulista,940489.0,471.0,"1,155",People & Blogs,2016
645,The Big Fat Quiz Of The 90s   Mr Blobby,951835.0,7347.0,121,People & Blogs,2014
646,"Fasma, GG - Parlami (Official Video - Sanremo 2021)",757718.0,25704.0,243,Music,2021
647,Naruto - Konoha's Hokage,1054505.0,1137.0,0,Entertainment,2008
648,"DacƒÉ n-ai bani (feat. Beach, Please!)",1015509.0,9689.0,0,Music,2022
649,Chema Rivas - LA ROJA (CANCI√ìN MUNDIAL) (Video Oficial),726826.0,39271.0,0,Music,2022
650,Elizabeth Banks Introduces The Snake Rewards Program,1019641.0,39.0,0,Sin Categor√≠a,2022
651,"X-MEN FOR BOSS LEGEND ‚Äì H∆Ø∆†NG GI√ì BI·ªÇN THANH M√ÅT, KH·ª¨ M√ôI & KH√î THO√ÅNG",19956533.0,25.0,0,Sin Categor√≠a,2022
652,"Senseo, votre d√©licieux caf√© certifi√©* Rainforest Alliance !",3023958.0,0.0,0,Sin Categor√≠a,2023
653,WOO! BoomBoom Nasal Inhalers on Shark Tank [Recap],16762388.0,6093.0,0,Sin Categor√≠a,2019
654,"GloRilla, Cardi B - Tomorrow 2 (Official Music Video)",31909765.0,638566.0,0,Music,2022
655,No_se_ve.mp3,3085869.0,45677.0,0,Music,2023
656,First American Home Warranty Commercial,3137485.0,83.0,0,Sin Categor√≠a,2020
657,"UMI, V - wherever u r (ft. V of BTS) official lyric video",4273176.0,521085.0,0,Music,2023
658,ORIGAMI ALL'ALBA - CLARA,2030824.0,26233.0,0,Music,2023
659,Gazo - 100K (Visualizer),1167599.0,32821.0,0,Music,2023
660,"–ü–µ–ª—å–º–µ–Ω—ñ ""–õ–µ–≤–∞–¥–∞"". –ü–æ–≤–Ω–∏–π —Ñ–∞—Ä—à. 20 —Å–µ–∫.",3355479.0,36.0,0,Sin Categor√≠a,2021
661,"–ú–ª–∏–Ω—Ü—ñ ""–õ–µ–≤–∞–¥–∞"". –ù–∞ –ø–æ–≥–æ—Ç–æ–≤—ñ! 20 —Å–µ–∫.",3464450.0,16.0,0,Sin Categor√≠a,2021
662,Get your biggest tax refund guaranteed. Always free federal and $14.99 state filing.,13870467.0,31.0,0,Sin Categor√≠a,2021
663,2BACONIL | INDIA'S 1ST NICOTINE TRANSDERMAL PATCH TO QUIT SMOKING | SMART WAY TO QUIT SMOKING,5092957.0,115.0,0,Sin Categor√≠a,2017
664,Darell - Lollipop (Official Video),47154379.0,381348.0,0,Music,2023
665,"Libresse¬Æ Pads - Padanan Selesa, Serapan Sempurna",33353387.0,14.0,0,Sin Categor√≠a,2022
666,Sofia Castro - Te Juro No Te Miento (Official Video),2581581.0,135813.0,0,Music,2024
667,"Luck Ra, Tiago PZK - FUE CULPA TUYA",2700431.0,50507.0,0,Music,2025
668,Please save the babyüò≠,76133774.0,2746942.0,0,People & Blogs,2025
669,FUNNIEST EXPLODING BASKETBALL MOMENTS üèÄüí•,67630800.0,1901288.0,0,People & Blogs,2025
670,Passo Bem Solto (Ultra Slowed),4678071.0,57629.0,0,Music,2025
671,injection with green tamatos,81323847.0,189564.0,0,Education,2025
672,Best Perspectives of @jordikoalitic ‚ò†Ô∏è..,141469074.0,2296129.0,0,Entertainment,2025
673,AI-Generated: Learn the Importance of Road Safety (Part 1) #aivideo,69350734.0,307889.0,0,People & Blogs,2025
674,ÂÅΩÁâ©ÂÅΩÁâ©ÂÅΩÁâ©ÂÅΩÁâ©ÂÅΩÁâ©ÂÅΩÁâ©ÂÅΩÁâ©ÂÅΩÁâ©ÂÅΩÁâ©ÂÅΩÁâ©ÂÅΩÁâ©ÂÅΩÁâ©ÂÅΩÁâ©ÂÅΩÁâ©ÂÅΩÁâ©ÂÅΩÁâ©ÂÅΩÁâ©ÂÅΩÁâ©ÂÅΩÁâ©ÂÅΩÁâ©ÂÅΩÁâ©ÂÅΩÁâ©ÂÅΩÁâ©ÂÅΩÁâ©ÂÅΩÁâ©ÂÅΩÁâ©ÂÅΩÁâ©ÂÅΩÁâ©ÂÅΩÁâ©ÂÅΩÁâ©ÂÅΩÁâ©ÂÅΩÁâ©ÂÅΩÁâ©ÂÅΩÁâ©ÂÅΩÁâ©ÂÅΩÁâ©ÂÅΩÁâ©ÂÅΩÁâ©ÂÅΩÁâ©ÂÅΩÁâ©ÂÅΩÁâ©ÂÅΩÁâ©ÂÅΩÁâ©ÂÅΩÁâ©ÂÅΩÁâ©ÂÅΩÁâ©ÂÅΩÁâ©ÂÅΩÁâ©ÂÅΩÁâ©ÂÅΩÁâ©,685189.0,30320.0,0,Music,2024
675,Ke≈üke,8730489.0,128682.0,0,Music,2025
676,Amigos y Enemigos Almighty,1099456.0,8224.0,0,Music,2024
677,Ne Aƒülarsƒ±n Benim Z√ºlf√º Siyahƒ±m (feat. Celo),676986.0,1780.0,0,Music,2025
678,"Moncho Chavea, Oscar El Ruso, Samueliyo Baby, Samuel G - PAM PAM",1590709.0,13425.0,0,Music,2024
679,If You Ask Me What Love Is,6299705.0,34472.0,0,Music,2024
680,"JENNIE, Doechii - ExtraL (Official Video)",38076762.0,1924672.0,0,Music,2025
681,Struggling with a new Phone,1451235.0,16223.0,634,Entertainment,2017
682,Big Bang Theory - Why Sheldon does not celebrate christmas,1684744.0,4911.0,135,Comedy,2010
683,Saugella 4Ever,1159214.0,0.0,0,Sin Categor√≠a,2020
684,–º–µ—Ç–µ–æ—Ä–∏—Ç –•–∞–∫–∞—Å–∏—è 06 12 2016,1344770.0,8338.0,351,Autos & Vehicles,2016
685,Rocky Balmoto,2218572.0,10869.0,"1,626",People & Blogs,2016
686,Charlie vs Swayze,2740111.0,5818.0,289,People & Blogs,2014
687,Dave Chappelle on Martin Lawrence and Hollywood Culture,1135513.0,6993.0,85,People & Blogs,2014
688,PANEK subskrypcja,2048773.0,20.0,2,Sin Categor√≠a,2019
689,La lozione anticaduta TRINOV √® finalmente in farmacia,2023816.0,42.0,37,Sin Categor√≠a,2018
690,Don't Try This At Home,1282361.0,180.0,66,People & Blogs,2016
691,BBC Weatherman Caught Giving Middle Finger on Stage,510985.0,3000.0,156,News & Politics,2010
692,Lina Hinestroza es una muestra de lo que somos | Synlab,825829.0,6.0,1,Sin Categor√≠a,2019
693,Irie Maffia: Hands In The Air,1944899.0,5590.0,107,Music,2008
694,Pirate War: Age of Strike (Playwar Strategy Game official video),999009.0,152.0,70,People & Blogs,2017
695,Man streaming paid main event fight on facebook caught by foxtel,874365.0,2262.0,494,People & Blogs,2017
696,MMA Fighter KO's Ring Card Girl,1163800.0,78.0,257,Comedy,2016
697,Amazing dog saves another dog by Rafael Franciulli perro rescata otro perro,1623506.0,2602.0,528,Music,2017
698,Sound of Music | Central Station Antwerp (Belgium),32829385.0,67866.0,"1,405",Entertainment,2009
699,Cute Golden retriever rescuing her teddy bear,2789609.0,12852.0,427,People & Blogs,2013
700,"A Leopard Hunting A Wild Boar -  Yala National Park, Sri Lanka - A WalkWithJith tour",12939960.0,2304.0,"4,304",Travel & Events,2011
701,Collateral - Tactical Draw Hip Shot [HD],1012866.0,2735.0,122,Entertainment,2012
702,2009 2010 car crashed - MUSIC SUCKS,1312023.0,942.0,484,Autos & Vehicles,2009
703,Autos Waschen f√ºr Kinder - Android Spiel von Google Play,743942.0,85.0,54,Education,2017
704,"50Îßå Ïú†ÌäúÎ≤Ñ Ïó†ÏïåÏù¥ Ïù∏Ï†ïÌïú ÏïÑÏø†ÏïÑÌîΩ Íµ¨Í∞ïÏÑ∏Ï†ïÍ∏∞, ÏïÑÏßÅÎèÑ ÏïàÏì∞ÏÑ∏Ïöî?!",995595.0,8.0,26,Sin Categor√≠a,2019
705,–ú–∞—Å—à—Ç–∞–±–Ω–∞—è –¥—Ä–∞–∫–∞ –Ω–∞ –º–∞—Ç—á–µ –ë–∞—Ä—Å–µ–ª–æ–Ω–∞ - –†–µ–∞–ª.mp4,651436.0,331.0,80,Sports,2011
706,hipnotize,9248421.0,7999.0,"1,268",Howto & Style,2007
707,Fake lenovo subwoofer,896059.0,2624.0,93,Comedy,2013
708,–∞—Ö–∞—Ö*,48947998.0,9522.0,"9,893",People & Blogs,2010
709,–ü–æ–¥–±–æ—Ä–∫–∞ –Ω–µ–≤–µ—Ä–æ—è—Ç–Ω—ã—Ö —É–¥–∞—á 3,10235025.0,20874.0,"1,453",People & Blogs,2011
710,Andrea Dellacasa  Sacandose ropa interior - Asi Somos [completo],62614185.0,6877.0,"7,171",Entertainment,2010
711,In Flames - Trigger,8393871.0,30145.0,709,Music,2006
712,1 Guy KOs 7 Guys,3492694.0,4014.0,"2,081",Sports,2011
713,It happens only in India !!!,3102872.0,10975.0,195,Entertainment,2011
714,Rubi de #LosXvdeRubi abucheada en los Premios MTV Miaw 2017,601433.0,2164.0,524,People & Blogs,2017
715,real transformers,957498.0,411.0,182,Film & Animation,2007
716,Plaza English,710850.0,40.0,6,Film & Animation,2015
717,EKV - Krug (spot),2819880.0,6306.0,141,Music,2009
718,Food defender! Puppy vs ducks.,1628501.0,2798.0,123,Entertainment,2011
719,Fisher Price Laugh & Learn Fun With Friends Musical Table,54091018.0,8602.0,"10,707",Gaming,2009
720,"Hups Baby Club, Slovakia",18376221.0,12785.0,"1,726",People & Blogs,2009
721,Hans Zimmer - Black Hawk Down (Main Theme),18846951.0,57057.0,"1,006",Film & Animation,2008
722,Cat pushes dog into swimming pool,682941.0,1811.0,186,Comedy,2015
723,All Football Intro,1984750.0,197.0,106,People & Blogs,2017
724,"‚òÉ Kid get's smacked by city plow driver ‚ùÑÔ∏è Belleville, Ontario",1257621.0,6113.0,"2,075",Nonprofits & Activism,2016
725,Barbara Weldens - Du pain pour les r√©veille-matin,1509526.0,1070.0,114,People & Blogs,2015
726,Gruzi - Don't let me down,1089084.0,4492.0,91,Music,2017
727,„Äê100‰∏áÂÜçÁîüÂõûÊï∞ÈÅîÊàê„Äë‚òÖÂ§ßÈò™‰∫∫Ê∞ó„Éä„É≥„Éê„Éº„ÉØ„É≥„ÅÆ„Ç®„Çπ„ÉÜ„Çµ„É≠„É≥‚òÖ1ÂàÜÈñì„Éù„É≥„Éù„É≥„Åô„Çã„Å†„Åë„ÅßÁ©∂Ê•µ„É™„Éï„Éà„Ç¢„ÉÉ„Éó,1017738.0,3326.0,"2,277",People & Blogs,2017
728,Scuba instructor pulls kitchen knife out of shark's head in Cayman,2083069.0,1962.0,175,People & Blogs,2017
729,Flying Phoenix Tattoo ORIGINAL VIDEO!,2109447.0,823.0,45,Film & Animation,2017
730,"Coldplay covers Linkin Park's ""Crawling""",1034276.0,5518.0,468,Music,2017
731,AND1 STREETBALL [Knock On Wood],868433.0,1081.0,47,Sports,2007
732,–ò –∫–∞–∫ —ç—Ç–æ –Ω–∞–∑—ã–≤–∞–µ—Ç—Å—è?,545044.0,1706.0,"3,138",People & Blogs,2016
733,Intrepid Fallen Heroes Fund,715609.0,32.0,6,Sin Categor√≠a,2017
734,Messi  loses tooth,672977.0,888.0,"1,455",People & Blogs,2017
735,LOTR cast make fun of Orlando Bloom,2756627.0,12934.0,195,Film & Animation,2011
736,Baby argues with Dog,2594516.0,3122.0,307,Comedy,2014
737,Brother just sent me this,622782.0,8883.0,348,Entertainment,2017
738,150 Car Pile-Up on Michigan Highway I-94,3658799.0,4636.0,508,People & Blogs,2015
739,ARTH 2 Theatrical Trailer | Arth The Destination Official Trailer 2017,1342169.0,8347.0,14,Entertainment,2017
740,Dany Boon rend hommage √† sa maman et Johnny Hallyday,1125194.0,0.0,0,News & Politics,2017
741,Doce Novembro - Creed - With Arms Wide Open,2389729.0,2464.0,56,Music,2007
742,◊û◊î◊§◊õ◊™ ◊î◊í◊í◊ï◊™ ◊î◊°◊ï◊ú◊ê◊®◊ô◊ô◊ù ◊ô◊ï◊¶◊ê◊™ ◊ú◊ì◊®◊ö!,980441.0,5.0,1,Sin Categor√≠a,2019
743,Evie's first sip of Coke,2098844.0,9508.0,"1,647",People & Blogs,2017
744,Ottawa cyclist struck by car!,1379955.0,5540.0,262,People & Blogs,2017
745,Dog Saves Deer... Good Boy Storm,1591632.0,5595.0,207,Education,2017
746,50 Cent: Blood on the Sand Trailer,2786159.0,3261.0,515,Entertainment,2008
747,Audi used car commercial in China. Full of sex discrimination,818670.0,558.0,"1,476",People & Blogs,2017
748,McDonald's drive thru,726293.0,9536.0,207,People & Blogs,2016
749,This ain't my phone...,2049699.0,1565.0,255,Music,2017
750,Happy Birthday Cody,734558.0,7194.0,191,Entertainment,2011
751,Nuovaluce Beauty Acne Device Kickstarter Video FDA Cleared www.nuovalucebeauty.com,498941.0,4783.0,182,People & Blogs,2017
752,Piccola - Piccola (Official Fan Video),1650882.0,4499.0,189,Music,2017
753,„Ç¶„Éû„Ç¶„Éû„Éè„É´„Éí,853961.0,627.0,207,Film & Animation,2008
754,(THE ORIGINAL FIRST VIDEO) Hidden inappropriate drawing in Maya the Bee!,661841.0,1657.0,420,People & Blogs,2017
755,Parks and Recreation called it back in 2015. Cubs World Series 2016!,205257.0,1557.0,113,Travel & Events,2016
756,Tom Waits - Falling Down,858697.0,1980.0,48,Music,2008
757,Keep Well Keeping Active,1883570.0,2.0,3,Sin Categor√≠a,2021
758,How Do I Straighten My Teeth? See An Orthodontist,30153971.0,387.0,244,Sin Categor√≠a,2017
759,Corona - #ThisIsLiving,2699904.0,53.0,2,People & Blogs,2016
760,‡πÄ‡∏≠‡πá‡∏ó‡∏ô‡πà‡∏≤ ‡∏õ‡∏£‡∏∞‡∏Å‡∏±‡∏ô‡∏™‡∏∏‡∏Ç‡∏†‡∏≤‡∏û ‡∏û‡∏£‡πâ‡∏≠‡∏°‡∏î‡∏π‡πÅ‡∏•‡∏Ñ‡∏∏‡∏ì‡πÉ‡∏ô‡∏ó‡∏∏‡∏Å‡∏ä‡πà‡∏ß‡∏á‡∏ä‡∏µ‡∏ß‡∏¥‡∏ï,3326126.0,14.0,3,Sin Categor√≠a,2018
761,When your Amish town is frozen,512991.0,4645.0,135,People & Blogs,2018
762,„Ç≠„É£„ÉÉ„Éà„Éï„Éº„Éâ„ÄÄLUNA Web CM„ÄÄ15Áßíver.ÔΩú„Éö„ÉÉ„Éà„É©„Ç§„É≥,1132972.0,19.0,0,Sin Categor√≠a,2019
763,Jonas Paul Eyewear - Affordably Cool Kids Glasses,1410355.0,11.0,1,Sin Categor√≠a,2019
764,"Emma, Le Trefle",12521358.0,14962.0,330,People & Blogs,2013
765,#YoNoTrabajo,22829976.0,1426.0,70,People & Blogs,2018
766,En 2021 voyagez en camping-car !,641248.0,0.0,0,Sin Categor√≠a,2021
767,BUDDAY SHUDDAY- ITC Master Chef Frozen Snacks,8558301.0,24.0,0,Sin Categor√≠a,2019
768,–ê–í–¢–û_–ü–û–î–°–¢–ê–í–ê –ù–ï –£–î–ê–õ–ê–°–¨,2424328.0,3130.0,267,Autos & Vehicles,2011
769,„Ç¶„É©„Ç∏„Çß„Éã„ÉÉ„ÇØÔΩûÊò†„Åà„ÅÆË£èÂÅ¥ÔΩû,661853.0,0.0,0,Sin Categor√≠a,2019
770,Stasi peeing her pants,1950860.0,560.0,281,Comedy,2009
771,Captain on United flight deals with some politics,730494.0,600.0,53,News & Politics,2016
772,Sign Language during our Wedding- 2015,2420783.0,2166.0,82,People & Blogs,2016
773,Á§æÈï∑„ÄÅ„Ç≥„Éñ„ÉÄ„Ç§È†ºÂ≠ê„Å´kiss!„ÄÄÊ≥¢Â∑¶ÈñìÊµ∑‰∏≠ÂÖ¨Âúí20150119,2185266.0,1921.0,66,People & Blogs,2015
774,–°–ª—É—á–∏–ª—Å—è –≤–∑—Ä—ã–≤ –Ω–∞ —Å—Ç–∞–Ω—Ü–∏–∏ –º–µ—Ç—Ä–æ –¢–µ—Ö–Ω–æ–ª–æ–≥–∏—á–µ—Å–∫–∏–π –∏–Ω—Å—Ç–∏—Ç—É—Ç,2353696.0,2793.0,"4,727",Howto & Style,2017
775,Premier Mot,14025612.0,20.0,3,Comedy,2019
776,Horizon League Tournament: Oakland vs Youngstown State,1379497.0,111.0,75,Comedy,2014
777,Niemand liebt Autos mehr als willhaben | Spot 2,10876985.0,49.0,15,Autos & Vehicles,2019
778,"COREOGRAFIAS RAUL CHARLO, BAILE MODERNO",2602204.0,720.0,201,Entertainment,2007
779,PA PANAMERICANO EL ORIGINAL,25349977.0,28213.0,"1,986",Music,2010
780,Jade Foret et Arnaud Lagardere,2592135.0,429.0,"2,007",People & Blogs,2011
781,Make a cigarette float,720739.0,144.0,281,Howto & Style,2007
782,Oasis' Noel Gallagher assaulted on stage in Toronto--2008-09-07,2389276.0,2342.0,255,Music,2008
783,El Aeromodelismo,742498.0,677.0,146,Sports,2008
784,"US Open Surfing - Huntington Beach, CA",4040497.0,860.0,764,Entertainment,2008
785,David Cook and David Archuleta Guitar Hero Commercials!,2911092.0,8025.0,495,Entertainment,2008
786,Pep's - Liberta ( VerSiOn KaraOk√© ),1053812.0,929.0,77,Music,2007
787,The Strokes - New York City Cops (High Quality Live),6012403.0,14002.0,286,Music,2007
788,I slept with my teacher,9844002.0,1998.0,"2,357",Film & Animation,2007
789,canon,1151211.0,3600.0,303,Music,2006
790,"Red Hot Chili Peppers "" Californication "" ( LIVE )",1318163.0,4440.0,74,Music,2008
791,Tom Cruise Scientology Video - ( Original UNCUT ),14240339.0,91156.0,"18,041",Entertainment,2008
792,Daredevil Trailer,1533971.0,1562.0,132,Film & Animation,2007
793,Japonista Legend   Japonista Sole Version,3570199.0,301.0,387,Film & Animation,2010
794,"chien qui chante ""petit papa noel""",7560798.0,4719.0,"1,735",Pets & Animals,2006
795,disney world top 10 rides,757817.0,575.0,141,Entertainment,2009
796,"Before a Bush Speech, this happens",10269774.0,11244.0,"3,604",Comedy,2007
797,"T√∫lio Maravilha, o maior atacante do Brasil nos anos 90, faz de bicicleta o 972¬∫ gol da carreira",1132362.0,536.0,204,Sports,2011
798,Buttons-The Pussycat Dolls- A Music Video by Cameron Perrins,1370046.0,1661.0,548,Music,2007
799,AH-64 in action kabul afganistan part.1,2144229.0,3187.0,629,Autos & Vehicles,2007
800,OYSHO_SPORT,32808096.0,12.0,4,Music,2019
801,7 Things To Do Before I'm 30- Trailer,3675488.0,2497.0,267,Entertainment,2008
802,Maradona_Dribble_skill,5154149.0,4152.0,158,Sports,2006
803,touch n go hercules R/C,693502.0,226.0,19,Entertainment,2007
804,MC Chaves Canta Funk do Jeremias (ORIGINAL),8846667.0,9158.0,"1,147",Comedy,2007
805,Flo-Rida - Low routine,13329843.0,10448.0,"1,373",Entertainment,2007
806,Brooke gets a tattoo,17642798.0,2103.0,"1,621",People & Blogs,2007
807,Tenue de Soir√©e Christophe Ma√© Gad Elmaleh,1274697.0,1641.0,102,Music,2007
808,Eddie Sachs and Dave MacDonald fatal Crash @ Indy 500 1964,1193770.0,354.0,37,Sports,2007
809,Super fast police reaction to a road rage,2908526.0,0.0,0,Autos & Vehicles,2011
810,Trafalgar Law,650699.0,771.0,87,Film & Animation,2009
811,„Éõ„ÉÉ„Ç≠„Éß„ÇØ„Ç∞„Éû„ÄÄËµ§„Å°„ÇÉ„Çì„ÅÆÊÇ≤Âäá,1206374.0,199.0,260,Pets & Animals,2009
812,The greatest goal to be ever waved off,951692.0,1541.0,178,Sports,2011
813,Naruto german opening,2082329.0,27628.0,"1,967",Entertainment,2007
814,Los 25 animales mas raros del mundo AFIRMAN LOS CIENTIFICOS,1051406.0,516.0,811,Autos & Vehicles,2009
815,Fiat 500  vs  Nissan 350z,2110577.0,1437.0,146,Autos & Vehicles,2006
816,Britney Spears ft. Rihanna-S&M Live at Billboard Awards 2011,1475634.0,2487.0,267,Music,2011
817,–ö–∞–º–∞–∑ –≤–∏–¥–µ–æ (–°–µ–ª–æ –í—ã—Ä—ã–ø–∞–µ–≤–æ - –ú–æ—Ä–¥–æ–≤–∏—è)‚Ññ4,1015248.0,236.0,152,Autos & Vehicles,2012
818,The Automated Max Cantilever,1567738.0,11.0,0,Sin Categor√≠a,2018
819,Girl honks at ship,12100810.0,69506.0,"3,924",Autos & Vehicles,2012
820,–£–ø–∞–ª–æ,1198916.0,2351.0,"1,747",People & Blogs,2016
821,11/2/16 Chicago Cubs World Series Champs! Wrigley / Skyline of Chicago - Celebrate! Party!,1045871.0,2549.0,83,People & Blogs,2016
822,60 Year Old Kills Hip-Hop Routine!!,4352952.0,10647.0,161,People & Blogs,2015
823,"Trump: If Ivanka weren‚Äôt my daughter, I'd be dating her",1528271.0,1557.0,"1,211",Comedy,2015
824,–°–∞—è–Ω—Å–∫–∏–π –º–µ—Ç–µ–æ—Ä–∏—Ç.,701308.0,2013.0,"3,013",People & Blogs,2016
825,EPIC Drum Solo FAIL!,3865978.0,22231.0,900,Comedy,2011
826,Bertolucci over Maria Schneider,4117228.0,851.0,"1,937",Film & Animation,2013
827,Lil Loaded ft. YG - ‚ÄúGang Unit Remix‚Äù (Official Video),1736200.0,127492.0,"1,363",Music,2020
828,Snapask Singapore | Effective Learning You Can Trust,601993.0,7.0,1,Sin Categor√≠a,2020
829,Voter Information Card (16x9 - 15 seconds) | Elections Canada,1898564.0,2.0,0,Sin Categor√≠a,2021
830,Real Gunfighter Lance Thomas on Justic Files,1063456.0,6840.0,0,News & Politics,2009
831,Home with dada - Time Lapse,38509445.0,27675.0,0,Entertainment,2012
832,Âê≥ÈùíÂ≥∞ - Ôºà......ÂÇ¨Áú†Â§ßÂ∏´ÔºâÔºàfeat. Ma√Ætrise Saint-Marc - Les ChoristesÔºâ,729068.0,3681.0,0,Music,2022
833,ALL-NEW Villain Xtreme Foam Face Wash | Get Your Grooming Game On With Superstar Yash,20177611.0,118.0,0,Sin Categor√≠a,2023
834,Laissez Toulouse vous inspirer - MEETINGS,2396085.0,10.0,0,Sin Categor√≠a,2020
835,ÿ£ÿ®ÿ±ÿ≤ ÿ•ŸÜÿ¨ÿßÿ≤ÿßÿ™ solutions ŸÅŸä ÿπÿßŸÖ 2021 #ÿ±ŸàÿßÿØ_ÿßŸÑŸÖÿ≥ÿ™ŸÇÿ®ŸÑ_ÿßŸÑÿ±ŸÇŸÖŸä,1934789.0,0.0,0,Sin Categor√≠a,2022
836,Big Homiie G - Who Got It (Official Video) ft. Finesse2Tymes,865867.0,24156.0,0,Music,2022
837,Amazon Fresh - Try the Amazon Dash Cart,77123469.0,159.0,0,Sin Categor√≠a,2021
838,Het Overheersbeestje (20sec),7829229.0,25.0,0,Sin Categor√≠a,2019
839,Console Connect: Making life easier for network engineers,928250.0,3.0,0,Sin Categor√≠a,2022
840,–ö”©–∑–º–æ–Ω—à–∞“ì—ã–º (Remix),852325.0,2558.0,0,Music,2022
841,Robot tagliaerba autonomo senza filo perimetrale con perimetro virtuale,3443901.0,0.0,0,Sin Categor√≠a,2023
842,"Daha iyi bir ben i√ßin, bu Form kendim i√ßin!",10514303.0,15.0,0,Sin Categor√≠a,2022
843,Train- Drive by (with lyrics),14018313.0,32918.0,0,Music,2012
844,Brenda Lee - Rockin' Around The Christmas Tree (Official Music Video),2605084.0,55604.0,0,Music,2023
845,"Raisa, Ahmad Dhani - Biar Menjadi Kenangan (Official Lyric Video)",1891769.0,33390.0,0,Music,2023
846,Negramaro - Ricominciamo tutto (Sanremo 2024),1095011.0,14122.0,0,Music,2024
847,Insta Vs Reality üò≤üòç #travel #unrealplaces #explore #nature,73165517.0,2967591.0,0,Travel & Events,2024
848,"Yes or No (Feat. ÌóàÏú§ÏßÑ of LE SSERAFIM, Crush) (Yes or No (Feat. ÌóàÏú§ÏßÑ of LE SSERAFIM,...",10642441.0,69340.0,0,Music,2024
849,SYLVANIAN FAMILIES BABY AMUSEMENT PARK 15 SEC,7090783.0,4.0,0,Sin Categor√≠a,2022
850,Shaboozey - A Bar Song (Tipsy) [Official Visualizer],4941173.0,121986.0,0,Music,2024
851,PIRTEK | Hydraulikschlauch Reparatur vor Ort | 24 Stunden Service,865065.0,62.0,0,Sin Categor√≠a,2016
852,Eden Mu√±oz - Mi Primer D√≠a Sin Ti (Video Oficial),3304460.0,40451.0,0,Music,2025
853,ƒ∞NTƒ∞HAR,869318.0,9477.0,0,Music,2024
854,Into You (ÎÑ§Í∞Ä ÎÇ¥ ÎßàÏùåÏóê ÏûêÎ¶¨ Ïû°ÏïòÎã§ (Into You)),2594431.0,22542.0,0,Music,2024
855,CGX Shampoo 15seg,32562851.0,1706.0,0,Sin Categor√≠a,2022
856,"Olly, Angelina Mango, JVLI - Per due come noi (Official Video)",3822060.0,38443.0,0,Music,2024
857,Minimum √ßa,680629.0,11809.0,0,Music,2024
858,"Asake, Travis Scott - Active (Official Video)",6232792.0,184120.0,0,Music,2024
859,GELO - Can You Please (Lyric Video) ft. GloRilla,1404690.0,70327.0,0,Music,2025
860,Los Presidentes,712072.0,8473.0,0,Music,2024
861,Luck Ra - UN CLAVO,1963336.0,24553.0,0,Music,2025
862,Addison Rae - High Fashion (Official Video),2568713.0,124089.0,0,Music,2025
863,Ya Fui Negro Ya Fui Blanco,705581.0,10643.0,0,Music,2025
864,These Little Moments ü•πü§ç #toddler #siblings #cute,69659013.0,1117902.0,0,Howto & Style,2024
865,–†–µ–∫—Ç–∞–ª—å–Ω—ã–µ –†–µ–π–Ω–¥–∂–µ—Ä—ã - –ì—Ä—è–∑–Ω–∞—è —Ä–∞–±–æ—Ç–µ–Ω–∫–∞!,1058118.0,1790.0,955,Nonprofits & Activism,2016
866,The Smokey Life - With Lyrics (Leonard Cohen),1701700.0,1514.0,64,Music,2010
867,Head & Shouders - Ampollas Hidrataci√≥n intensiva,1437127.0,5.0,2,People & Blogs,2014
868,Out Of The Furnace -- Official Trailer,1479394.0,301.0,40,Entertainment,2013
869,–õ—ñ–∫—É–≤–∞–Ω–Ω—è —Ç—É–±–µ—Ä–∫—É–ª—å–æ–∑—É –≤ –£–∫—Ä–∞—ó–Ω—ñ - –±–µ–∑–∫–æ—à—Ç–æ–≤–Ω–æ —É —Å—ñ–º–µ–π–Ω–æ–≥–æ –ª—ñ–∫–∞—Ä—è. –ü—Ä–∏–∫—ñ–Ω—á–∏–º–æ –µ–ø—ñ–¥–µ–º—ñ—é —Ä–∞–∑–æ–º!,728763.0,133.0,14,Sin Categor√≠a,2018
870,Pennsylvanians: Help your hospital!,774430.0,0.0,0,Sin Categor√≠a,2020
871,Leverage: Redemption - Official Trailer | IMDb TV | Coming July 9,9056254.0,3856.0,34,Sin Categor√≠a,2021
872,Luke Hemmings - Starting Line (Official Video),635002.0,129469.0,179,Music,2021
873,The #1 Pharmacist Recommended Brand,14234392.0,37.0,24,Sin Categor√≠a,2020
874,Wild Child - Enya,9598411.0,11951.0,0,Entertainment,2006
875,What goes around (comes around) - Lyrics,1347605.0,3001.0,0,Music,2006
876,"Spongebob ""The Soldier of Love""",25610196.0,14378.0,0,Music,2007
877,"Be√©le, Myke Towers, Feid - Barranquilla Bajo Cero (Official Video)",8254128.0,198513.0,0,Music,2022
878,Ayra Starr - Rush,17367547.0,272550.0,0,People & Blogs,2022
879,Din Cauza Ta,692770.0,5164.0,0,Music,2022
880,#BikeIsBest | There has never been a better time to ride a bike,2772378.0,186.0,0,Sin Categor√≠a,2020
881,Save Water. Save California.,5175299.0,9.0,0,Sin Categor√≠a,2022
882,"Meet Dr. Shecarra Cook, ACU Online Graduate",2083923.0,11.0,0,Sin Categor√≠a,2022
883,Southeastern Oklahoma State University | Determined to Learn,1957395.0,2.0,0,Sin Categor√≠a,2021
884,Why Buy Travel Insurance?,3583264.0,115.0,0,Sin Categor√≠a,2017
885,Regina Power PL,13378102.0,2.0,0,Sin Categor√≠a,2023
886,JCB Indonesia New Brand Ambassador - Luna Maya | JCB,1191811.0,0.0,0,Sin Categor√≠a,2023
887,Âê≥ÈùíÂ≥∞ - Ôºà‚Ä¶‚Ä¶Â∞èÁéãÂ≠êÔºâÔºàfeat. Â§ßÊ©ã‰∏âÈáçÂî±Ôºâ,758113.0,2955.0,0,Music,2022
888,Neutro Balance | Una piel en balance te conecta con lo que amas,14265064.0,18.0,0,Sin Categor√≠a,2022
889,Get inspired and unleash your creativity in the kitchen |  RiceSelect¬Æ,1405618.0,7.0,0,Sin Categor√≠a,2022
890,XCOPRI¬Æ (cenobamate tablets) CV Commercial,4890361.0,48.0,0,Sin Categor√≠a,2021
891,–§–æ—Ä—Ç–µ—Ü—è –ë–∞—Ö–º—É—Ç,700921.0,20921.0,0,Music,2023
892,"Chu,Tayousei.",739527.0,17094.0,0,Music,2022
893,OfficialÈ´≠Áî∑dism - Subtitle [Official Video],22449034.0,240778.0,0,Music,2022
894,Anas feat. Soolking - Sur Pp (Clip officiel),8075765.0,127110.0,0,Music,2023
895,Ocean Spray¬Æ | What Will You Do With All That Power?,22454152.0,131.0,0,Sin Categor√≠a,2022
896,Mephisto,832845.0,21237.0,0,Music,2023
897,Shop Groceries Online with Fast Lane,769638.0,4.0,0,Sin Categor√≠a,2021
898,Slim Chickens 2018 TV Commercial - Variety,1727971.0,0.0,0,Sin Categor√≠a,2018
899,Collect More Verified Customer Ratings and Reviews with Shopper Approved: An Introduction Video,702178.0,13.0,0,Sin Categor√≠a,2020
900,Cƒ±stak x Ne,903229.0,5919.0,0,Music,2024
901,Tak Ingin Usai,814482.0,6594.0,0,Music,2023
902,Supernova,27166456.0,123748.0,0,Music,2024
903,Destroy Lonely - if looks could kill (Official Music Video),830566.0,58361.0,0,Music,2023
904,Arjan Vailly,5460189.0,64375.0,0,Music,2023
905,Take the First Step Towards a Meaningful Career,1822083.0,33.0,0,Sin Categor√≠a,2019
906,White (ÌôîÏù¥Ìä∏ (White)),8226081.0,25232.0,0,Music,2023
907,Enchanteur Body Lotions & Creams - Irresistibly Silky Soft Skin,9658124.0,422.0,0,Sin Categor√≠a,2023
908,My Love,583139.0,10498.0,0,Music,2024
909,Amapola,952452.0,18255.0,0,Music,2024
910,–ú–æ–∂–Ω–æ —è —Å —Ç–æ–±–æ–π,1356781.0,37200.0,0,Music,2024
911,Ship Sticks: Send Your Golf Clubs Ahead,1783373.0,13.0,0,Sin Categor√≠a,2018
912,Isadora Pompeo - Alian√ßa (Ao Vivo),1535732.0,30924.0,0,Music,2024
913,Trueno - PULL UP! (Official Video),1434999.0,86484.0,0,Music,2024
914,Tengo Un Plan (Remix),2381406.0,41572.0,0,Music,2024
915,"J.P., NLE Choppa - Bad Bitty (Remix) [Official Music Video]",987265.0,46378.0,0,Music,2024
916,"Kevin AMF, Omar Landell - Blair (Video Oficial)",2762811.0,51542.0,0,Music,2024
917,Best Perspectives of @jordikoalitic ‚ò†Ô∏è..,124380183.0,2347710.0,0,Entertainment,2025
918,Yo Vengo De La Nada,592930.0,13705.0,0,Music,2024
919,What happened with petrol ‚õΩÔ∏è theif?,86474636.0,770294.0,0,People & Blogs,2025
920,Nanpa B√°sico - Cuando Vienes (Official Video),686747.0,24507.0,0,Music,2024
921,Ëµ∞„ÇåSAKAMOTO / VaundyÔºöMUSIC VIDEO,2945781.0,25949.0,0,Music,2025
922,Whiplash,26339205.0,125508.0,0,Music,2024
923,ETA (RMX),1036672.0,33644.0,0,Music,2024
924,camera shutter speed matches helicopter`s rotor,3682223.0,53493.0,581,People & Blogs,2017
925,Self-Driving Uber running red light,1872637.0,5143.0,"3,969",Autos & Vehicles,2016
926,Man destroys yellow jacket nest with bare hands ORIGINAL,1655964.0,9915.0,477,Comedy,2017
927,Reservations.com - Saves You Time & Makes Booking Easy!,1122738.0,2.0,2,Sin Categor√≠a,2018
928,Scarlett Johansson for Grandma,1635974.0,2457.0,274,Entertainment,2017
929,Maintenance of a Double glazed PVC window,1706353.0,567.0,76,Education,2012
930,Cestovn√≠ poji≈°tƒõn√≠ AXA,545574.0,5.0,8,Sin Categor√≠a,2019
931,Beijing 2008 - Usain Bolt 9.69 sec World Record 100m,1864049.0,331.0,"1,416",Sports,2008
932,–ö–æ–≥–¥–∞ —Ç–≤–æ–π —Ö—É–¥—à–∏–π –≤—Ä–∞–≥ - —ç—Ç–æ –∫–æ–≤–µ—Ä,2051016.0,18663.0,"1,807",People & Blogs,2017
933,Pink - I Don't Believe You Official Music Video Sims 2 HD,671291.0,400.0,119,Music,2009
934,Stephen Colbert 2011 Commencement Speech at Northwestern University,1142028.0,7520.0,105,Comedy,2011
935,Funny bear - Cho kaka o,556376.0,98.0,59,Entertainment,2007
936,Mister Dakar Doesn‚Äôt Want To Weigh Himself | Dakar Rally 2019 Ep.1,646832.0,536.0,48,Sin Categor√≠a,2019
937,Magistral - Consejos para ganar al Poker,1529281.0,8.0,10,Sin Categor√≠a,2019
938,BMW Crash BENZ ‡∏Ç‡∏±‡∏ö‡∏£‡∏ñ‡∏£‡∏∞‡∏ß‡∏±‡∏á‡πÜ‡∏ô‡∏∞‡∏Ñ‡∏£‡∏±‡∏ö ‡πÄ‡∏™‡∏µ‡∏¢‡∏î‡∏≤‡∏¢‡∏£‡∏ñ,766364.0,395.0,31,Autos & Vehicles,2017
939,ÿ±ŸÇÿµ ŸàÿÆŸÖÿ± ÿ®ÿßÿ≠ÿØÿßÿßÿ≥ÿ∑ÿ≠ ÿßŸÑÿπŸÖÿßŸäÿ± ÿßŸÑŸÖÿ∑ŸÑŸá ÿπŸÑŸâ ÿßŸÑÿ≥ÿßÿ±ŸäŸá ÿßŸÑÿπŸÑŸÖ ÿ®ÿ¨ÿØŸá ÿßÿ¨ÿßŸÜÿ®,1348369.0,273.0,695,People & Blogs,2016
940,"Come, habla y sonr√≠e con confianza | Corega Chile | Adhesivos para pr√≥tesis dentales",2630931.0,8.0,3,Sin Categor√≠a,2020
941,Survive - Support Small Business - Facebook,4440336.0,277.0,53,People & Blogs,2020
942,It's Time.,1748740.0,5.0,10,Sin Categor√≠a,2020
943,Dog loves ticklish fringe,943385.0,8064.0,248,People & Blogs,2016
944,"""Terrified"" performed by Didi Benami, written by Kara DioGuardi and Jason Reeves.",1275336.0,4344.0,59,Music,2010
945,What happens when you surprise your BF with a boxer puppy?,681624.0,3157.0,36,People & Blogs,2013
946,Mano Negra - Mala Vida,18428307.0,38890.0,"1,029",Music,2006
947,Brave Kitten Stands Up to Dog,45622964.0,98565.0,"38,062",Entertainment,2011
948,–ù–∞–ø—É–≥–∞–ª–∏ –±–µ–¥–æ–ª–∞–≥—É,8680501.0,13589.0,690,Comedy,2011
949,ÊñπÁèàÊÇ†Â¨âÊ∞¥ÁâáÊÆµ.mp4,45632326.0,4263.0,"9,843",Entertainment,2010
950,Caroline - Status Quo,5114818.0,7759.0,171,Music,2006
951,5 biggest planes in the world,4044462.0,3746.0,929,Entertainment,2009
952,** FREE PSN / STEAM CODES **. Dropping every 250 subscribers!,731822.0,15.0,43,Gaming,2017
953,–û—Ö–æ—Ç–Ω–∏—á–∏–π –∫–æ—Ç,670799.0,5378.0,"3,901",People & Blogs,2016
954,HOMEFRONT [Official Trailer],3469160.0,1551.0,30,Entertainment,2013
955,"Lightning hits the sea - HD - Bay of Kotor, Montenegro",3690436.0,8840.0,394,Entertainment,2012
956,Funny Cats,57324296.0,143295.0,"3,809",Pets & Animals,2007
957,–ñ–∏–ª—å–µ –¥–ª—è –∏–Ω–≤–∞–ª–∏–¥–∞. –£–∂–∞—Å—ã –°—ã–∫—Ç—ã–≤–∫–∞—Ä–∞.,737404.0,1471.0,212,People & Blogs,2017
958,funniest field set ever in Cricket,6502261.0,2672.0,503,Sports,2009
959,Mariah Carey New Years Eve 2016 2017,2766473.0,2015.0,"2,655",People & Blogs,2017
960,Good old days,1249801.0,10317.0,145,Gaming,2016
961,Finch Frozen to Fence Rescue,3702696.0,25741.0,152,People & Blogs,2017
962,"Children Of Bodom - ""In Your Face""",10945662.0,44450.0,"1,852",Music,2006
963,Adam Braidwood vs. Tim Hague,1884834.0,538.0,"1,047",Sports,2017
964,Mercedes Benz Atego truck drift in the snow,1654960.0,723.0,168,Autos & Vehicles,2007
965,Racist Woman yelling and demanding to see a white doctor born in Canada.,1614429.0,6369.0,"2,096",Comedy,2017
966,2018 - –õ–î–ü–†,10615380.0,0.0,0,People & Blogs,2017
967,Parfym.se - Ad Q3-4 2019 - 15sec (B),2371993.0,7.0,1,Sin Categor√≠a,2019
968,Male cry jury with an incredible voice,27566202.0,55010.0,"1,927",Music,2011
969,Human Turkish Get Up,21193172.0,13643.0,"2,737",Sports,2011
970,bob marley,23465084.0,40072.0,"1,023",Music,2006
971,Rent A Wheel | Rent A Tire 20th Anniversary Sale,1908813.0,4.0,8,Sin Categor√≠a,2017
972,BARCS vet tech comforts crying puppy,805865.0,1041.0,32,People & Blogs,2016
973,–í—ã–±–æ—Ä—ã 2018. –®–æ–∫–∏—Ä—É—é—â–∏–π —Ñ–∏–ª—å–º –ù–∏–∫–∏—Ç—ã –ú–∏—Ö–∞–ª–∫–æ–≤–∞ ¬´–õ–æ–±–æ—Ç–æ–º–∏—è¬ª,2056243.0,5762.0,"28,321",Nonprofits & Activism,2017
974,Duiosa unica bonita,21679223.0,13097.0,"1,155",Film & Animation,2008
975,Juiceee feat. Milena Ceranic - Bikini,5790939.0,8173.0,"1,653",Music,2011
976,Anaconda died because of eating another Snake,7540231.0,1033.0,237,People & Blogs,2015
977,100 greatest funny videos in the world,18742994.0,11645.0,"2,828",Entertainment,2010
978,Orbit M√©xico - Aeropuerto,56145673.0,1845.0,989,Howto & Style,2016
979,JESUS CHRIST IN JURASSIC PARK,1133562.0,2677.0,878,Pets & Animals,2011
980,"Tommy Wiseau in The Room vs. James Franco in The Disaster Artist (""I did not hit her "" scene)",835947.0,7495.0,232,Film & Animation,2017
981,Charlie Charlie Challenge Android,7594484.0,1473.0,525,Gaming,2015
982,Selfie Domino,7135785.0,7993.0,"3,168",People & Blogs,2017
983,–≠–∫—Å—Ç—Ä–µ–º–∞–ª—å–Ω–∞—è —ç–∫—Å–∫—É—Ä—Å–∏—è PNK,14316983.0,5944.0,375,Science & Technology,2017
984,SDCC 2018 D23EXPO LEAK AVENGERS 4 TEASER TRAILER GUARDIANS AND THOR,902113.0,5250.0,"16,759",People & Blogs,2017
985,Dogs Charge Police Officer Meridian Idaho David Gomez,2271314.0,11303.0,261,Nonprofits & Activism,2016
986,‚ÄûHipis‚Äù - nowa ksiƒÖ≈ºka Paula Coelho ju≈º w ksiƒôgarniach!,979231.0,11.0,0,Sin Categor√≠a,2018
987,"–õ–∏–¥–µ—Ä –≤–µ–∂–ª–∏–≤—ã—Ö —Ñ–µ—Ä–º–µ—Ä–æ–≤ –æ –∫–æ–Ω—Ü–µ—Ä–Ω–µ ""–ü–æ–∫—Ä–æ–≤—Å–∫–∏–π""",815205.0,5214.0,"1,997",People & Blogs,2017
988,Philippe Poutou - On n'est pas touch√© (clip officiel de campagne √† la pr√©sidentielle 2017),502245.0,3060.0,950,Pets & Animals,2017
989,Blinker fluid prank,3472449.0,25739.0,"1,535",People & Blogs,2017
990,Champions and Challengers - Adventure Time - Pre-register on Google Play Store,2986914.0,795.0,174,Gaming,2017
991,ITS Coop Travel - Traumhafte Ferien (kurz),1263044.0,2.0,5,Travel & Events,2017
992,It Got Grandma!: Chimp at Zoo Throws Poo in Grandma's Face!,3975037.0,24800.0,"1,387",Pets & Animals,2017
993,2017 0401 s10 Toru≈Ñ Bydgoszcz,1273971.0,3076.0,454,Entertainment,2017
994,Eagles Fan Gets Wrecked by Pole,706418.0,877.0,40,Film & Animation,2018
995,UltraTap - –Ω–æ–≤–æ—Å—Ç–∏ –∏–∑ —Å–æ—Ü—Å–µ—Ç–µ–π,498038.0,706.0,"1,533",People & Blogs,2017
996,CALIFORNIA - MONDAY JUSTICE FEAT. SNOOP DOGG (Official Music Video),943248.0,2949.0,22,Music,2017
997,John McEnroe's most famous outburst happened in Stockholm in 1984,4853621.0,7254.0,426,Sports,2010
998,Adi Golan's Group - Teaser,56578.0,0.0,0,Music,2014
999,Keg tapping goes horribly wrong.,751804.0,3427.0,313,Entertainment,2017
1000,LIVE Hurricane Irma - Downtown Orlando - American Safety Council,554438.0,184.0,8,News & Politics,2016
